Assembly Part,Description,SC,Rev,L0,L1,L2,L3,L4,L5,L6,L7,L8,L9,L10,L11,L12,L13,L14,L15,L16,L17,L18,L19,L20,Description,SC,Rev,S/UOM,P/UOM,Item#,Qty,Option Flag,Product#,Product Price,Effective Date/Rev,Inactive Date/Rev,Reference
DAT100          ,DarkStar Aggregation 100G,M, -,10002-13406-00 , , , , , , , , , , , , , , , , , , , , ,"DAT100-8 SYSTEM ASSY,CRPS,1U",X, -,EA,EA,0,1,Yes,SYS-13406-00-00 ,898989.8989,01/01/1900,12/31/2099,
DAT100          ,DarkStar Aggregation 100G,M, -, ,20006-00004-01 , , , , , , , , , , , , , , , , , , , ,"CRPS POWER ASSY, LONG",SI, -,EA,EA,0,1,No ,,,01/01/1900,12/31/2099,
DAT100          ,DarkStar Aggregation 100G,M, -, , ,30001-00114-01 , , , , , , , , , , , , , , , , , , ,"PCA,POWER,CRPS",SI, -,EA,EA,0,1,No ,,,01/01/1900,12/31/2099,
DAT100          ,DarkStar Aggregation 100G,M, -, , , ,40003-00114-01 , , , , , , , , , , , , , , , , , ,"PCB,POWER,CRPS",P, -,EA,EA,1,1,No ,,,01/01/1900,12/31/2099,
DAT100          ,DarkStar Aggregation 100G,M, -, , , ,50007-00031 , , , , , , , , , , , , , , , , , ,"SCHOTTKY,40V,5A,DO-214AB",P, -,EA,EA,2,1,No ,,,01/01/1900,12/31/2099,
DAT100          ,DarkStar Aggregation 100G,M, -, , , ,50008-00043 , , , , , , , , , , , , , , , , , ,"0.33uF,16V,X7R,0805,10%",P, -,EA,EA,3,4,No ,,,01/01/1900,12/31/2099,
DAT100          ,DarkStar Aggregation 100G,M, -, , , ,50008-00048 , , , , , , , , , , , , , , , , , ,"2200pF,16V,X7R,0201,10%",P, -,EA,EA,4,1,No ,,,01/01/1900,12/31/2099,
DAT100          ,DarkStar Aggregation 100G,M, -, , , ,50008-00091 , , , , , , , , , , , , , , , , , ,"0.1uF,25V,X5R,0603,10%",P, -,EA,EA,5,1,No ,,,01/01/1900,12/31/2099,
DAT100          ,DarkStar Aggregation 100G,M, -, , , ,50008-00095 , , , , , , , , , , , , , , , , , ,"0.1uF,6.3V,X5R,0201,10%",P, -,EA,EA,6,1,No ,,,01/01/1900,12/31/2099,
DAT100          ,DarkStar Aggregation 100G,M, -, , , ,50008-00124 , , , , , , , , , , , , , , , , , ,"22UF,25V,X5R,0805,20%",P, -,EA,EA,7,5,No ,,,01/01/1900,12/31/2099,
DAT100          ,DarkStar Aggregation 100G,M, -, , , ,50009-00138 , , , , , , , , , , , , , , , , , ,"0,0.063W,5%,0402",P, -,EA,EA,8,3,No ,,,01/01/1900,12/31/2099,
DAT100          ,DarkStar Aggregation 100G,M, -, , , ,50009-00206 , , , , , , , , , , , , , , , , , ,"2K,0.063W,1%,0402",P, -,EA,EA,9,2,No ,,,01/01/1900,12/31/2099,
DAT100          ,DarkStar Aggregation 100G,M, -, , , ,50009-00242 , , , , , , , , , , , , , , , , , ,"4.7K,0.063W,5%,0402",P, -,EA,EA,10,4,No ,,,01/01/1900,12/31/2099,
DAT100          ,DarkStar Aggregation 100G,M, -, , , ,50009-00250 , , , , , , , , , , , , , , , , , ,"270,0.063W,5%,0402",P, -,EA,EA,11,1,No ,,,01/01/1900,12/31/2099,
DAT100          ,DarkStar Aggregation 100G,M, -, , , ,50009-00301 , , , , , , , , , , , , , , , , , ,"23.7K,0.063W,1%,0402",P, -,EA,EA,12,2,No ,,,01/01/1900,12/31/2099,
DAT100          ,DarkStar Aggregation 100G,M, -, , , ,50013-00339 , , , , , , , , , , , , , , , , , ,"Shrd HDR,2mm,2x12,VRT,TH,30Au",P, -,EA,EA,13,1,No ,,,01/01/1900,12/31/2099,
DAT100          ,DarkStar Aggregation 100G,M, -, , , ,50013-00395 , , , , , , , , , , , , , , , , , ,"PWR CONN,0.1"",2X25,VRT,TH,30AU",P, -,EA,EA,14,1,No ,,,01/01/1900,12/31/2099,
DAT100          ,DarkStar Aggregation 100G,M, -, , , ,50033-00063 , , , , , , , , , , , , , , , , , ,"3-14.4VDC to .45-5.5VDC,3A,Dig",P, -,EA,EA,15,1,No ,,,01/01/1900,12/31/2099,
DAT100          ,DarkStar Aggregation 100G,M, -, , ,40005-00135-01 , , , , , , , , , , , , , , , , , , ,"CABLE ASSY,PWR,C2UP-CCC",M, -,EA,EA,0,1,No ,,,01/01/1900,12/31/2099,
DAT100          ,DarkStar Aggregation 100G,M, -, , , ,50012-00018 , , , , , , , , , , , , , , , , , ,"Wire,14AWG,BLK,UL1569",F, -,FT,FT,0,20.25,No ,,,01/01/1900,12/31/2099,
DAT100          ,DarkStar Aggregation 100G,M, -, , , ,50012-00019 , , , , , , , , , , , , , , , , , ,"Wire,14AWG,RED,UL1569",F, -,FT,FT,0,20.25,No ,,,01/01/1900,12/31/2099,
DAT100          ,DarkStar Aggregation 100G,M, -, , , ,50013-00271 , , , , , , , , , , , , , , , , , ,"RCPT HSG,10mm,1x2,50A",P, -,EA,EA,0,1,No ,,,01/01/1900,12/31/2099,
DAT100          ,DarkStar Aggregation 100G,M, -, , , ,50013-00308 , , , , , , , , , , , , , , , , , ,"Crimp SKT,14-16AWG,50A,30Au",F, -,EA,EA,0,2,No ,,,01/01/1900,12/31/2099,
DAT100          ,DarkStar Aggregation 100G,M, -, ,20006-00005-00 , , , , , , , , , , , , , , , , , , , ,"CRPS POWER ASSY, SHORT",SI, -,EA,EA,0,1,No ,,,01/01/1900,12/31/2099,
DAT100          ,DarkStar Aggregation 100G,M, -, , ,30001-00114-01 , , , , , , , , , , , , , , , , , , ,"PCA,POWER,CRPS",SI, -,EA,EA,0,1,No ,,,01/01/1900,12/31/2099,
DAT100          ,DarkStar Aggregation 100G,M, -, , , ,40003-00114-01 , , , , , , , , , , , , , , , , , ,"PCB,POWER,CRPS",P, -,EA,EA,1,1,No ,,,01/01/1900,12/31/2099,
DAT100          ,DarkStar Aggregation 100G,M, -, , , ,50007-00031 , , , , , , , , , , , , , , , , , ,"SCHOTTKY,40V,5A,DO-214AB",P, -,EA,EA,2,1,No ,,,01/01/1900,12/31/2099,
DAT100          ,DarkStar Aggregation 100G,M, -, , , ,50008-00043 , , , , , , , , , , , , , , , , , ,"0.33uF,16V,X7R,0805,10%",P, -,EA,EA,3,4,No ,,,01/01/1900,12/31/2099,
DAT100          ,DarkStar Aggregation 100G,M, -, , , ,50008-00048 , , , , , , , , , , , , , , , , , ,"2200pF,16V,X7R,0201,10%",P, -,EA,EA,4,1,No ,,,01/01/1900,12/31/2099,
DAT100          ,DarkStar Aggregation 100G,M, -, , , ,50008-00091 , , , , , , , , , , , , , , , , , ,"0.1uF,25V,X5R,0603,10%",P, -,EA,EA,5,1,No ,,,01/01/1900,12/31/2099,
DAT100          ,DarkStar Aggregation 100G,M, -, , , ,50008-00095 , , , , , , , , , , , , , , , , , ,"0.1uF,6.3V,X5R,0201,10%",P, -,EA,EA,6,1,No ,,,01/01/1900,12/31/2099,
DAT100          ,DarkStar Aggregation 100G,M, -, , , ,50008-00124 , , , , , , , , , , , , , , , , , ,"22UF,25V,X5R,0805,20%",P, -,EA,EA,7,5,No ,,,01/01/1900,12/31/2099,
DAT100          ,DarkStar Aggregation 100G,M, -, , , ,50009-00138 , , , , , , , , , , , , , , , , , ,"0,0.063W,5%,0402",P, -,EA,EA,8,3,No ,,,01/01/1900,12/31/2099,
DAT100          ,DarkStar Aggregation 100G,M, -, , , ,50009-00206 , , , , , , , , , , , , , , , , , ,"2K,0.063W,1%,0402",P, -,EA,EA,9,2,No ,,,01/01/1900,12/31/2099,
DAT100          ,DarkStar Aggregation 100G,M, -, , , ,50009-00242 , , , , , , , , , , , , , , , , , ,"4.7K,0.063W,5%,0402",P, -,EA,EA,10,4,No ,,,01/01/1900,12/31/2099,
DAT100          ,DarkStar Aggregation 100G,M, -, , , ,50009-00250 , , , , , , , , , , , , , , , , , ,"270,0.063W,5%,0402",P, -,EA,EA,11,1,No ,,,01/01/1900,12/31/2099,
DAT100          ,DarkStar Aggregation 100G,M, -, , , ,50009-00301 , , , , , , , , , , , , , , , , , ,"23.7K,0.063W,1%,0402",P, -,EA,EA,12,2,No ,,,01/01/1900,12/31/2099,
DAT100          ,DarkStar Aggregation 100G,M, -, , , ,50013-00339 , , , , , , , , , , , , , , , , , ,"Shrd HDR,2mm,2x12,VRT,TH,30Au",P, -,EA,EA,13,1,No ,,,01/01/1900,12/31/2099,
DAT100          ,DarkStar Aggregation 100G,M, -, , , ,50013-00395 , , , , , , , , , , , , , , , , , ,"PWR CONN,0.1"",2X25,VRT,TH,30AU",P, -,EA,EA,14,1,No ,,,01/01/1900,12/31/2099,
DAT100          ,DarkStar Aggregation 100G,M, -, , , ,50033-00063 , , , , , , , , , , , , , , , , , ,"3-14.4VDC to .45-5.5VDC,3A,Dig",P, -,EA,EA,15,1,No ,,,01/01/1900,12/31/2099,
DAT100          ,DarkStar Aggregation 100G,M, -, , ,40005-00147-00 , , , , , , , , , , , , , , , , , , ,"CABLE ASSY, PWR, CRPS,SHORT",M, -,EA,EA,0,1,No ,,,01/01/1900,12/31/2099,
DAT100          ,DarkStar Aggregation 100G,M, -, , , ,50012-00018 , , , , , , , , , , , , , , , , , ,"Wire,14AWG,BLK,UL1569",F, -,FT,FT,0,0,No ,,,01/01/1900,12/31/2099,
DAT100          ,DarkStar Aggregation 100G,M, -, , , ,50012-00019 , , , , , , , , , , , , , , , , , ,"Wire,14AWG,RED,UL1569",F, -,FT,FT,0,0,No ,,,01/01/1900,12/31/2099,
DAT100          ,DarkStar Aggregation 100G,M, -, , , ,50013-00271 , , , , , , , , , , , , , , , , , ,"RCPT HSG,10mm,1x2,50A",P, -,EA,EA,0,1,No ,,,01/01/1900,12/31/2099,
DAT100          ,DarkStar Aggregation 100G,M, -, , , ,50013-00308 , , , , , , , , , , , , , , , , , ,"Crimp SKT,14-16AWG,50A,30Au",F, -,EA,EA,0,2,No ,,,01/01/1900,12/31/2099,
DAT100          ,DarkStar Aggregation 100G,M, -, ,30001-00058-04 , , , , , , , , , , , , , , , , , , , ,"PCA,C1UD,DISTRIBUTION",SI, -,EA,EA,0,1,No ,,,01/01/1900,12/31/2099,
DAT100          ,DarkStar Aggregation 100G,M, -, , ,40003-00058-04 , , , , , , , , , , , , , , , , , , ,"PCB,C1UD,Distribution",P, -,EA,EA,0,1,No ,,,01/01/1900,12/31/2099,
DAT100          ,DarkStar Aggregation 100G,M, -, , ,50007-00024 , , , , , , , , , , , , , , , , , , ,"TVS,12.0V,13.3V,75.3A,SMC403",P, -,EA,EA,0,1,No ,,,01/01/1900,12/31/2099,
DAT100          ,DarkStar Aggregation 100G,M, -, , ,50008-00043 , , , , , , , , , , , , , , , , , , ,"0.33uF,16V,X7R,0805,10%",P, -,EA,EA,0,6,No ,,,01/01/1900,12/31/2099,
DAT100          ,DarkStar Aggregation 100G,M, -, , ,50008-00086 , , , , , , , , , , , , , , , , , , ,"22uF,16V,X5R,1210,10%",P, -,EA,EA,0,2,No ,,,01/01/1900,12/31/2099,
DAT100          ,DarkStar Aggregation 100G,M, -, , ,50013-00261 , , , , , , , , , , , , , , , , , , ,"PCB HDR,0.2"",2P,RA,TH,Sn",P, -,EA,EA,0,1,No ,,,01/01/1900,12/31/2099,
DAT100          ,DarkStar Aggregation 100G,M, -, , ,50013-00333 , , , , , , , , , , , , , , , , , , ,"SKT,0.635mm,2x26P,RA,SMT,10Au",P, -,EA,EA,0,3,No ,,,01/01/1900,12/31/2099,
DAT100          ,DarkStar Aggregation 100G,M, -, , ,50013-00339 , , , , , , , , , , , , , , , , , , ,"Shrd HDR,2mm,2x12,VRT,TH,30Au",P, -,EA,EA,0,1,No ,,,01/01/1900,12/31/2099,
DAT100          ,DarkStar Aggregation 100G,M, -, ,30001-00106-03 , , , , , , , , , , , , , , , , , , , ,"PCA,CMD, COMMAND",SI,  ,EA,EA,0,1,No ,,,01/01/1900,12/31/2099,
DAT100          ,DarkStar Aggregation 100G,M, -, , ,40003-00106-03 , , , , , , , , , , , , , , , , , , ,"PCB,CMD,COMMAND",P, -,EA,EA,0,1,No ,,,01/01/1900,12/31/2099,
DAT100          ,DarkStar Aggregation 100G,M, -, , ,50002-00081 , , , , , , , , , , , , , , , , , , ,"1:2 Clk/Div,3mmSQ,QFN16EP",P, -,EA,EA,0,1,No ,,,01/01/1900,12/31/2099,
DAT100          ,DarkStar Aggregation 100G,M, -, , ,50002-00082 , , , , , , , , , , , , , , , , , , ,"1:3 Clk/Div,3mmSQ,QFN16EP",P, -,EA,EA,0,1,No ,,,01/01/1900,12/31/2099,
DAT100          ,DarkStar Aggregation 100G,M, -, , ,50003-00089 , , , , , , , , , , , , , , , , , , ,"I2C EEPROM,2K,1.8-5.5V,SOIC8",P, -,EA,EA,0,1,No ,,,01/01/1900,12/31/2099,
DAT100          ,DarkStar Aggregation 100G,M, -, , ,50003-00090 , , , , , , , , , , , , , , , , , , ,"I2C EEPROM Dip Sw,6bit,TSSOP20",P, -,EA,EA,0,1,No ,,,01/01/1900,12/31/2099,
DAT100          ,DarkStar Aggregation 100G,M, -, , ,50003-00097 , , , , , , , , , , , , , , , , , , ,"I2C EEPROM,512K,1.8-5.5V,SOIC8",P, -,EA,EA,0,1,No ,,,01/01/1900,12/31/2099,
DAT100          ,DarkStar Aggregation 100G,M, -, , ,50003-00099 , , , , , , , , , , , , , , , , , , ,"4G DDR4,2400,256X16,FBGA96",P, -,EA,EA,0,3,No ,,,01/01/1900,12/31/2099,
DAT100          ,DarkStar Aggregation 100G,M, -, , ,50004-00217 , , , , , , , , , , , , , , , , , , ,"Actel,A3P1000,FGG144,Std",P, -,EA,EA,0,1,No ,,,01/01/1900,12/31/2099,
DAT100          ,DarkStar Aggregation 100G,M, -, , ,50004-00235 , , , , , , , , , , , , , , , , , , ,"ARRIA10,10AX016E,FBGA780,4/3",P, -,EA,EA,0,1,No ,,,01/01/1900,12/31/2099,
DAT100          ,DarkStar Aggregation 100G,M, -, , ,50005-00087 , , , , , , , , , , , , , , , , , , ,"3-diode temp sensor,QSOP16",P, -,EA,EA,0,2,No ,,,01/01/1900,12/31/2099,
DAT100          ,DarkStar Aggregation 100G,M, -, , ,50005-00195 , , , , , , , , , , , , , , , , , , ,"Dual RS232 XCVR,TSSOP20",P, -,EA,EA,0,1,No ,,,01/01/1900,12/31/2099,
DAT100          ,DarkStar Aggregation 100G,M, -, , ,50005-00201 , , , , , , , , , , , , , , , , , , ,"1.5A Bus Term Reg,PSOP8",P, -,EA,EA,0,1,No ,,,01/01/1900,12/31/2099,
DAT100          ,DarkStar Aggregation 100G,M, -, , ,50005-00206 , , , , , , , , , , , , , , , , , , ,"2.2-20 to 1.2-20VDC,1.5A,SOIC8",P, -,EA,EA,0,2,No ,,,01/01/1900,12/31/2099,
DAT100          ,DarkStar Aggregation 100G,M, -, , ,50005-00244 , , , , , , , , , , , , , , , , , , ,"USB/UART BRIDGE,QFN24",P, -,EA,EA,0,1,No ,,,01/01/1900,12/31/2099,
DAT100          ,DarkStar Aggregation 100G,M, -, , ,50005-00245 , , , , , , , , , , , , , , , , , , ,"RTC/CAL,XTAL,TCHRG,I2C",P, -,EA,EA,0,1,No ,,,01/01/1900,12/31/2099,
DAT100          ,DarkStar Aggregation 100G,M, -, , ,50005-00246 , , , , , , , , , , , , , , , , , , ,"GBE SW,6-PORT,GMII,128TQFP-EP",P, -,EA,EA,0,1,No ,,,01/01/1900,12/31/2099,
DAT100          ,DarkStar Aggregation 100G,M, -, , ,50005-00247 , , , , , , , , , , , , , , , , , , ,"3A SNK/SRC DDR TERM REG,VSON10",P, -,EA,EA,0,1,No ,,,01/01/1900,12/31/2099,
DAT100          ,DarkStar Aggregation 100G,M, -, , ,50006-00033 , , , , , , , , , , , , , , , , , , ,"LED,RA,GRN,35.0mcd,0603,130deg",PR, -,EA,EA,0,5,No ,,,01/01/1900,12/31/2099,
DAT100          ,DarkStar Aggregation 100G,M, -, , ,50006-00034 , , , , , , , , , , , , , , , , , , ,"LED,RA,RED,54.0mcd,0603,130deg",PR, -,EA,EA,0,1,No ,,,01/01/1900,12/31/2099,
DAT100          ,DarkStar Aggregation 100G,M, -, , ,50006-00035 , , , , , , , , , , , , , , , , , , ,"LED,RA,ORN,90.0mcd,0603,130deg",PR, -,EA,EA,0,1,No ,,,01/01/1900,12/31/2099,
DAT100          ,DarkStar Aggregation 100G,M, -, , ,50007-00024 , , , , , , , , , , , , , , , , , , ,"TVS,12.0V,13.3V,75.3A,SMC403",P, -,EA,EA,0,1,No ,,,01/01/1900,12/31/2099,
DAT100          ,DarkStar Aggregation 100G,M, -, , ,50007-00026 , , , , , , , , , , , , , , , , , , ,"nMOSFET,25V,680mA,SOT23-3",P, -,EA,EA,0,3,No ,,,01/01/1900,12/31/2099,
DAT100          ,DarkStar Aggregation 100G,M, -, , ,50007-00029 , , , , , , , , , , , , , , , , , , ,"TVS,5.0V,11.6V,9.4A,SOD523",P, -,EA,EA,0,3,No ,,,01/01/1900,12/31/2099,
DAT100          ,DarkStar Aggregation 100G,M, -, , ,50007-00030 , , , , , , , , , , , , , , , , , , ,"FASTSW DIODE,SMA,1N4148,SOD123",P, -,EA,EA,0,2,No ,,,01/01/1900,12/31/2099,
DAT100          ,DarkStar Aggregation 100G,M, -, , ,50008-00043 , , , , , , , , , , , , , , , , , , ,"0.33uF,16V,X7R,0805,10%",P, -,EA,EA,0,73,No ,,,01/01/1900,12/31/2099,
DAT100          ,DarkStar Aggregation 100G,M, -, , ,50008-00048 , , , , , , , , , , , , , , , , , , ,"2200pF,16V,X7R,0201,10%",P, -,EA,EA,0,86,No ,,,01/01/1900,12/31/2099,
DAT100          ,DarkStar Aggregation 100G,M, -, , ,50008-00049 , , , , , , , , , , , , , , , , , , ,"15000pF,10V,X7R,0402,10%",P, -,EA,EA,0,51,No ,,,01/01/1900,12/31/2099,
DAT100          ,DarkStar Aggregation 100G,M, -, , ,50008-00073 , , , , , , , , , , , , , , , , , , ,"10uF,6.3V,X5R,0805,20%",P, -,EA,EA,0,20,No ,,,01/01/1900,12/31/2099,
DAT100          ,DarkStar Aggregation 100G,M, -, , ,50008-00074 , , , , , , , , , , , , , , , , , , ,"100uF,6.3V,X5R,1210,20%",P, -,EA,EA,0,19,No ,,,01/01/1900,12/31/2099,
DAT100          ,DarkStar Aggregation 100G,M, -, , ,50008-00083 , , , , , , , , , , , , , , , , , , ,"10uF,25V,X5R,1206,20%",P, -,EA,EA,0,1,No ,,,01/01/1900,12/31/2099,
DAT100          ,DarkStar Aggregation 100G,M, -, , ,50008-00086 , , , , , , , , , , , , , , , , , , ,"22uF,16V,X5R,1210,10%",P, -,EA,EA,0,30,No ,,,01/01/1900,12/31/2099,
DAT100          ,DarkStar Aggregation 100G,M, -, , ,50008-00091 , , , , , , , , , , , , , , , , , , ,"0.1uF,25V,X5R,0603,10%",P, -,EA,EA,0,7,No ,,,01/01/1900,12/31/2099,
DAT100          ,DarkStar Aggregation 100G,M, -, , ,50008-00095 , , , , , , , , , , , , , , , , , , ,"0.1uF,6.3V,X5R,0201,10%",P, -,EA,EA,0,83,No ,,,01/01/1900,12/31/2099,
DAT100          ,DarkStar Aggregation 100G,M, -, , ,50008-00102 , , , , , , , , , , , , , , , , , , ,"4.7uF,6.3V,X5R,0603,10%",P, -,EA,EA,0,6,No ,,,01/01/1900,12/31/2099,
DAT100          ,DarkStar Aggregation 100G,M, -, , ,50008-00123 , , , , , , , , , , , , , , , , , , ,"5.0F,5V,ELEC,RAD9,20%",P, -,EA,EA,0,1,No ,,,01/01/1900,12/31/2099,
DAT100          ,DarkStar Aggregation 100G,M, -, , ,50008-00124 , , , , , , , , , , , , , , , , , , ,"22UF,25V,X5R,0805,20%",P, -,EA,EA,0,18,No ,,,01/01/1900,12/31/2099,
DAT100          ,DarkStar Aggregation 100G,M, -, , ,50009-00133 , , , , , , , , , , , , , , , , , , ,"49.9,0.063W,1%,0402",P, -,EA,EA,0,27,No ,,,01/01/1900,12/31/2099,
DAT100          ,DarkStar Aggregation 100G,M, -, , ,50009-00134 , , , , , , , , , , , , , , , , , , ,"150,0.063W,5%,0402",P, -,EA,EA,0,9,No ,,,01/01/1900,12/31/2099,
DAT100          ,DarkStar Aggregation 100G,M, -, , ,50009-00138 , , , , , , , , , , , , , , , , , , ,"0,0.063W,5%,0402",P, -,EA,EA,0,7,No ,,,01/01/1900,12/31/2099,
DAT100          ,DarkStar Aggregation 100G,M, -, , ,50009-00186 , , , , , , , , , , , , , , , , , , ,"100,0.063W,1%,0402",P, -,EA,EA,0,21,No ,,,01/01/1900,12/31/2099,
DAT100          ,DarkStar Aggregation 100G,M, -, , ,50009-00206 , , , , , , , , , , , , , , , , , , ,"2K,0.063W,1%,0402",P, -,EA,EA,0,10,No ,,,01/01/1900,12/31/2099,
DAT100          ,DarkStar Aggregation 100G,M, -, , ,50009-00242 , , , , , , , , , , , , , , , , , , ,"4.7K,0.063W,5%,0402",P, -,EA,EA,0,70,No ,,,01/01/1900,12/31/2099,
DAT100          ,DarkStar Aggregation 100G,M, -, , ,50009-00250 , , , , , , , , , , , , , , , , , , ,"270,0.063W,5%,0402",P, -,EA,EA,0,29,No ,,,01/01/1900,12/31/2099,
DAT100          ,DarkStar Aggregation 100G,M, -, , ,50009-00261 , , , , , , , , , , , , , , , , , , ,"240,0.05W,1%,0201",P, -,EA,EA,0,4,No ,,,01/01/1900,12/31/2099,
DAT100          ,DarkStar Aggregation 100G,M, -, , ,50009-00266 , , , , , , , , , , , , , , , , , , ,"10K,0.063W,0.1%,0402",P, -,EA,EA,0,6,No ,,,01/01/1900,12/31/2099,
DAT100          ,DarkStar Aggregation 100G,M, -, , ,50009-00272 , , , , , , , , , , , , , , , , , , ,"1K,0.063W,0.1%,0402",P, -,EA,EA,0,5,No ,,,01/01/1900,12/31/2099,
DAT100          ,DarkStar Aggregation 100G,M, -, , ,50009-00292 , , , , , , , , , , , , , , , , , , ,"6.2K,0.063W,1%,0402",P, -,EA,EA,0,1,No ,,,01/01/1900,12/31/2099,
DAT100          ,DarkStar Aggregation 100G,M, -, , ,50009-00301 , , , , , , , , , , , , , , , , , , ,"23.7K,0.063W,1%,0402",P, -,EA,EA,0,6,No ,,,01/01/1900,12/31/2099,
DAT100          ,DarkStar Aggregation 100G,M, -, , ,50009-00309 , , , , , , , , , , , , , , , , , , ,"36.5K,0.063W,1%,0402",P, -,EA,EA,0,5,No ,,,01/01/1900,12/31/2099,
DAT100          ,DarkStar Aggregation 100G,M, -, , ,50009-00310 , , , , , , , , , , , , , , , , , , ,"54.9K,0.063W,1%,0402",P, -,EA,EA,0,11,No ,,,01/01/1900,12/31/2099,
DAT100          ,DarkStar Aggregation 100G,M, -, , ,50009-00315 , , , , , , , , , , , , , , , , , , ,"4.42K,0.063W,1%,0402",P, -,EA,EA,0,1,No ,,,01/01/1900,12/31/2099,
DAT100          ,DarkStar Aggregation 100G,M, -, , ,50009-00323 , , , , , , , , , , , , , , , , , , ,"6.04K,0.063W,1%,0402",P, -,EA,EA,0,6,No ,,,01/01/1900,12/31/2099,
DAT100          ,DarkStar Aggregation 100G,M, -, , ,50009-00324 , , , , , , , , , , , , , , , , , , ,"34K,0.063W,1%,0402",P, -,EA,EA,0,1,No ,,,01/01/1900,12/31/2099,
DAT100          ,DarkStar Aggregation 100G,M, -, , ,50009-00325 , , , , , , , , , , , , , , , , , , ,"39.2K,0.063W,1%,0402",P, -,EA,EA,0,1,No ,,,01/01/1900,12/31/2099,
DAT100          ,DarkStar Aggregation 100G,M, -, , ,50010-00025 , , , , , , , , , , , , , , , , , , ,"Ferrite Bead,600 ohm,0.5A,0603",PR, -,EA,EA,0,5,No ,,,01/01/1900,12/31/2099,
DAT100          ,DarkStar Aggregation 100G,M, -, , ,50010-00032 , , , , , , , , , , , , , , , , , , ,"Ferrite Bead,330 ohm,2.5A,0805",PR, -,EA,EA,0,3,No ,,,01/01/1900,12/31/2099,
DAT100          ,DarkStar Aggregation 100G,M, -, , ,50013-00254 , , , , , , , , , , , , , , , , , , ,"CAT5E JACK,RJ45,RA,TH,50AU",P, -,EA,EA,0,1,No ,,,01/01/1900,12/31/2099,
DAT100          ,DarkStar Aggregation 100G,M, -, , ,50013-00302 , , , , , , , , , , , , , , , , , , ,"Jack,RJ45,2x2,RA,TH,50Au,Grn/Y",P, -,EA,EA,0,1,No ,,,01/01/1900,12/31/2099,
DAT100          ,DarkStar Aggregation 100G,M, -, , ,50013-00312 , , , , , , , , , , , , , , , , , , ,"PCB HDR,0.1"",1x2P,VRT,TH,30Au",P, -,EA,EA,0,1,No ,,,01/01/1900,12/31/2099,
DAT100          ,DarkStar Aggregation 100G,M, -, , ,50013-00339 , , , , , , , , , , , , , , , , , , ,"Shrd HDR,2mm,2x12,VRT,TH,30Au",P, -,EA,EA,0,1,No ,,,01/01/1900,12/31/2099,
DAT100          ,DarkStar Aggregation 100G,M, -, , ,50013-00382 , , , , , , , , , , , , , , , , , , ,"USB CONN,MINI-B,SMT,RA,5P",P, -,EA,EA,0,1,No ,,,01/01/1900,12/31/2099,
DAT100          ,DarkStar Aggregation 100G,M, -, , ,50013-00383 , , , , , , , , , , , , , , , , , , ,"SHRD HDR,2MM,2X25,VRT,TH,30AU",P, -,EA,EA,0,1,No ,,,01/01/1900,12/31/2099,
DAT100          ,DarkStar Aggregation 100G,M, -, , ,50013-00384 , , , , , , , , , , , , , , , , , , ,"USD CONN,PUSH/PUSH,RA,SMT,8P",P, -,EA,EA,0,2,No ,,,01/01/1900,12/31/2099,
DAT100          ,DarkStar Aggregation 100G,M, -, , ,50017-00050 , , , , , , , , , , , , , , , , , , ,"LVDS,2.5V,250MHz,50,5x7P6",P, -,EA,EA,0,1,No ,,,01/01/1900,12/31/2099,
DAT100          ,DarkStar Aggregation 100G,M, -, , ,50018-00010 , , , , , , , , , , , , , , , , , , ,"PB switch,SPST-NO,0.4VA,RA,PCB",P, -,EA,EA,0,1,No ,,,01/01/1900,12/31/2099,
DAT100          ,DarkStar Aggregation 100G,M, -, , ,50018-00026 , , , , , , , , , , , , , , , , , , ,"PTC Fuse,6.0A,30V,Rad10",P, -,EA,EA,0,1,No ,,,01/01/1900,12/31/2099,
DAT100          ,DarkStar Aggregation 100G,M, -, , ,50033-00061 , , , , , , , , , , , , , , , , , , ,"3-14.4VDC to .6-5.5VDC,12A,Dig",P, -,EA,EA,0,2,No ,,,01/01/1900,12/31/2099,
DAT100          ,DarkStar Aggregation 100G,M, -, , ,50033-00063 , , , , , , , , , , , , , , , , , , ,"3-14.4VDC to .45-5.5VDC,3A,Dig",P, -,EA,EA,0,2,No ,,,01/01/1900,12/31/2099,
DAT100          ,DarkStar Aggregation 100G,M, -, , ,50033-00065 , , , , , , , , , , , , , , , , , , ,"3-14.4VDC to .45-5.5VDC,6A,Dig",P, -,EA,EA,0,2,No ,,,01/01/1900,12/31/2099,
DAT100          ,DarkStar Aggregation 100G,M, -, ,30001-00110-02 , , , , , , , , , , , , , , , , , , , ,"PCA, EPO",SI, -,EA,EA,0,1,No ,,,01/01/1900,12/31/2099,
DAT100          ,DarkStar Aggregation 100G,M, -, , ,40003-00110-02 , , , , , , , , , , , , , , , , , , ,"PCB, EPO",P, -,EA,EA,0,1,No ,,,01/01/1900,12/31/2099,
DAT100          ,DarkStar Aggregation 100G,M, -, , ,50003-00089 , , , , , , , , , , , , , , , , , , ,"I2C EEPROM,2K,1.8-5.5V,SOIC8",P, -,EA,EA,0,1,No ,,,01/01/1900,12/31/2099,
DAT100          ,DarkStar Aggregation 100G,M, -, , ,50003-00097 , , , , , , , , , , , , , , , , , , ,"I2C EEPROM,512K,1.8-5.5V,SOIC8",P, -,EA,EA,0,1,No ,,,01/01/1900,12/31/2099,
DAT100          ,DarkStar Aggregation 100G,M, -, , ,50004-00219 , , , , , , , , , , , , , , , , , , ,"Actel,A3P250,FGG144,Std",P, -,EA,EA,0,1,No ,,,01/01/1900,12/31/2099,
DAT100          ,DarkStar Aggregation 100G,M, -, , ,50005-00198 , , , , , , , , , , , , , , , , , , ,"10bit Temp sensor,MSOP8",P, -,EA,EA,0,1,No ,,,01/01/1900,12/31/2099,
DAT100          ,DarkStar Aggregation 100G,M, -, , ,50005-00206 , , , , , , , , , , , , , , , , , , ,"2.2-20 to 1.2-20VDC,1.5A,SOIC8",P, -,EA,EA,0,2,No ,,,01/01/1900,12/31/2099,
DAT100          ,DarkStar Aggregation 100G,M, -, , ,50005-00213 , , , , , , , , , , , , , , , , , , ,"I2C 8-Chan Trans Sw,TSSOP24",P, -,EA,EA,0,1,No ,,,01/01/1900,12/31/2099,
DAT100          ,DarkStar Aggregation 100G,M, -, , ,50006-00032 , , , , , , , , , , , , , , , , , , ,"LED,VRT,GRN,6.4mcd,0603,150deg",PR, -,EA,EA,0,10,No ,,,01/01/1900,12/31/2099,
DAT100          ,DarkStar Aggregation 100G,M, -, , ,50007-00024 , , , , , , , , , , , , , , , , , , ,"TVS,12.0V,13.3V,75.3A,SMC403",P, -,EA,EA,0,1,No ,,,01/01/1900,12/31/2099,
DAT100          ,DarkStar Aggregation 100G,M, -, , ,50007-00025 , , , , , , , , , , , , , , , , , , ,"TVS,3.3V,5.0V,11.2A,SOD523",P, -,EA,EA,0,1,No ,,,01/01/1900,12/31/2099,
DAT100          ,DarkStar Aggregation 100G,M, -, , ,50008-00043 , , , , , , , , , , , , , , , , , , ,"0.33uF,16V,X7R,0805,10%",P, -,EA,EA,0,21,No ,,,01/01/1900,12/31/2099,
DAT100          ,DarkStar Aggregation 100G,M, -, , ,50008-00048 , , , , , , , , , , , , , , , , , , ,"2200pF,16V,X7R,0201,10%",P, -,EA,EA,0,17,No ,,,01/01/1900,12/31/2099,
DAT100          ,DarkStar Aggregation 100G,M, -, , ,50008-00049 , , , , , , , , , , , , , , , , , , ,"15000pF,10V,X7R,0402,10%",P, -,EA,EA,0,23,No ,,,01/01/1900,12/31/2099,
DAT100          ,DarkStar Aggregation 100G,M, -, , ,50008-00073 , , , , , , , , , , , , , , , , , , ,"10uF,6.3V,X5R,0805,20%",P, -,EA,EA,0,14,No ,,,01/01/1900,12/31/2099,
DAT100          ,DarkStar Aggregation 100G,M, -, , ,50008-00091 , , , , , , , , , , , , , , , , , , ,"0.1uF,25V,X5R,0603,10%",P, -,EA,EA,0,8,No ,,,01/01/1900,12/31/2099,
DAT100          ,DarkStar Aggregation 100G,M, -, , ,50008-00095 , , , , , , , , , , , , , , , , , , ,"0.1uF,6.3V,X5R,0201,10%",P, -,EA,EA,0,27,No ,,,01/01/1900,12/31/2099,
DAT100          ,DarkStar Aggregation 100G,M, -, , ,50008-00124 , , , , , , , , , , , , , , , , , , ,"22UF,25V,X5R,0805,20%",P, -,EA,EA,0,28,No ,,,01/01/1900,12/31/2099,
DAT100          ,DarkStar Aggregation 100G,M, -, , ,50008-00126 , , , , , , , , , , , , , , , , , , ,"100UF,6.3V,X5R,0805,20%",P, -,EA,EA,0,10,No ,,,01/01/1900,12/31/2099,
DAT100          ,DarkStar Aggregation 100G,M, -, , ,50009-00138 , , , , , , , , , , , , , , , , , , ,"0,0.063W,5%,0402",P, -,EA,EA,0,13,No ,,,01/01/1900,12/31/2099,
DAT100          ,DarkStar Aggregation 100G,M, -, , ,50009-00213 , , , , , , , , , , , , , , , , , , ,"487,0.063W,1%,0402",P, -,EA,EA,0,1,No ,,,01/01/1900,12/31/2099,
DAT100          ,DarkStar Aggregation 100G,M, -, , ,50009-00240 , , , , , , , , , , , , , , , , , , ,"100,0.063W,5%,0402",P, -,EA,EA,0,9,No ,,,01/01/1900,12/31/2099,
DAT100          ,DarkStar Aggregation 100G,M, -, , ,50009-00242 , , , , , , , , , , , , , , , , , , ,"4.7K,0.063W,5%,0402",P, -,EA,EA,0,50,No ,,,01/01/1900,12/31/2099,
DAT100          ,DarkStar Aggregation 100G,M, -, , ,50009-00250 , , , , , , , , , , , , , , , , , , ,"270,0.063W,5%,0402",P, -,EA,EA,0,14,No ,,,01/01/1900,12/31/2099,
DAT100          ,DarkStar Aggregation 100G,M, -, , ,50009-00272 , , , , , , , , , , , , , , , , , , ,"1K,0.063W,0.1%,0402",P, -,EA,EA,0,2,No ,,,01/01/1900,12/31/2099,
DAT100          ,DarkStar Aggregation 100G,M, -, , ,50009-00301 , , , , , , , , , , , , , , , , , , ,"23.7K,0.063W,1%,0402",P, -,EA,EA,0,3,No ,,,01/01/1900,12/31/2099,
DAT100          ,DarkStar Aggregation 100G,M, -, , ,50009-00303 , , , , , , , , , , , , , , , , , , ,"2.7K,0.063W,1%,0402",P, -,EA,EA,0,2,No ,,,01/01/1900,12/31/2099,
DAT100          ,DarkStar Aggregation 100G,M, -, , ,50009-00309 , , , , , , , , , , , , , , , , , , ,"36.5K,0.063W,1%,0402",P, -,EA,EA,0,1,No ,,,01/01/1900,12/31/2099,
DAT100          ,DarkStar Aggregation 100G,M, -, , ,50009-00315 , , , , , , , , , , , , , , , , , , ,"4.42K,0.063W,1%,0402",P, -,EA,EA,0,1,No ,,,01/01/1900,12/31/2099,
DAT100          ,DarkStar Aggregation 100G,M, -, , ,50010-00026 , , , , , , , , , , , , , , , , , , ,"Ind,1.0uH,0.09ohm,0.8A,1210",P, -,EA,EA,0,8,No ,,,01/01/1900,12/31/2099,
DAT100          ,DarkStar Aggregation 100G,M, -, , ,50013-00261 , , , , , , , , , , , , , , , , , , ,"PCB HDR,0.2"",2P,RA,TH,Sn",P, -,EA,EA,0,2,No ,,,01/01/1900,12/31/2099,
DAT100          ,DarkStar Aggregation 100G,M, -, , ,50013-00283 , , , , , , , , , , , , , , , , , , ,"PCB HDR,10mm,2P,RA,TH,30Au",P, -,EA,EA,0,2,No ,,,01/01/1900,12/31/2099,
DAT100          ,DarkStar Aggregation 100G,M, -, , ,50013-00291 , , , , , , , , , , , , , , , , , , ,"SFP Cage Assy,2x2,w/Light pipe",P, -,EA,EA,0,1,No ,,,01/01/1900,12/31/2099,
DAT100          ,DarkStar Aggregation 100G,M, -, , ,50013-00306 , , , , , , , , , , , , , , , , , , ,"Pwr RCPT,0.25"",4P,RA,TH,30Au",P, -,EA,EA,0,1,No ,,,01/01/1900,12/31/2099,
DAT100          ,DarkStar Aggregation 100G,M, -, , ,50013-00312 , , , , , , , , , , , , , , , , , , ,"PCB HDR,0.1"",1x2P,VRT,TH,30Au",P, -,EA,EA,0,1,No ,,,01/01/1900,12/31/2099,
DAT100          ,DarkStar Aggregation 100G,M, -, , ,50013-00339 , , , , , , , , , , , , , , , , , , ,"Shrd HDR,2mm,2x12,VRT,TH,30Au",P, -,EA,EA,0,4,No ,,,01/01/1900,12/31/2099,
DAT100          ,DarkStar Aggregation 100G,M, -, , ,50013-00385 , , , , , , , , , , , , , , , , , , ,"PCIE EDGE CONN,STRDL,98P",P, -,EA,EA,0,1,No ,,,01/01/1900,12/31/2099,
DAT100          ,DarkStar Aggregation 100G,M, -, , ,50013-00386 , , , , , , , , , , , , , , , , , , ,"SATA RCPT,SMD,VRT,7S15P",P, -,EA,EA,0,1,No ,,,01/01/1900,12/31/2099,
DAT100          ,DarkStar Aggregation 100G,M, -, , ,50013-00394 , , , , , , , , , , , , , , , , , , ," SATA HDR,1CH,7P,VRT,SMT,15AU",P, -,EA,EA,0,1,No ,,,01/01/1900,12/31/2099,
DAT100          ,DarkStar Aggregation 100G,M, -, , ,50017-00035 , , , , , , , , , , , , , , , , , , ,"CMOS,3.3V,40.0MHz,100,5x7P4",P, -,EA,EA,0,1,No ,,,01/01/1900,12/31/2099,
DAT100          ,DarkStar Aggregation 100G,M, -, , ,50018-00026 , , , , , , , , , , , , , , , , , , ,"PTC Fuse,6.0A,30V,Rad10",P, -,EA,EA,0,2,No ,,,01/01/1900,12/31/2099,
DAT100          ,DarkStar Aggregation 100G,M, -, , ,50018-00028 , , , , , , , , , , , , , , , , , , ,"PTC Fuse,2.5A,16V,Rad5",P, -,EA,EA,0,1,No ,,,01/01/1900,12/31/2099,
DAT100          ,DarkStar Aggregation 100G,M, -, , ,50033-00063 , , , , , , , , , , , , , , , , , , ,"3-14.4VDC to .45-5.5VDC,3A,Dig",P, -,EA,EA,0,1,No ,,,01/01/1900,12/31/2099,
DAT100          ,DarkStar Aggregation 100G,M, -, , ,50033-00065 , , , , , , , , , , , , , , , , , , ,"3-14.4VDC to .45-5.5VDC,6A,Dig",P, -,EA,EA,0,1,No ,,,01/01/1900,12/31/2099,
DAT100          ,DarkStar Aggregation 100G,M, -, ,30001-00116-01 , , , , , , , , , , , , , , , , , , , , (CB100SAQ-01),MI,  ,EA,EA,0,1,No ,,,01/01/1900,12/31/2099,
DAT100          ,DarkStar Aggregation 100G,M, -, , ,40003-00116-01 , , , , , , , , , , , , , , , , , , ,"PCB,CB100SAQ",M, -,EA,EA,0,1,No ,,,01/01/1900,12/31/2099,
DAT100          ,DarkStar Aggregation 100G,M, -, , ,50002-00085 , , , , , , , , , , , , , , , , , , ,"2:4 CLK DRVR,LVDS,QFN16EP",P, -,EA,EA,0,1,No ,,,01/01/1900,12/31/2099,
DAT100          ,DarkStar Aggregation 100G,M, -, , ,50003-00089 , , , , , , , , , , , , , , , , , , ,"I2C EEPROM,2K,1.8-5.5V,SOIC8",P, -,EA,EA,0,1,No ,,,01/01/1900,12/31/2099,
DAT100          ,DarkStar Aggregation 100G,M, -, , ,50003-00097 , , , , , , , , , , , , , , , , , , ,"I2C EEPROM,512K,1.8-5.5V,SOIC8",P, -,EA,EA,0,1,No ,,,01/01/1900,12/31/2099,
DAT100          ,DarkStar Aggregation 100G,M, -, , ,50004-00237 , , , , , , , , , , , , , , , , , , ,"CYCLONE10,10CL040Y,U484,6",P, -,EA,EA,0,1,No ,,,01/01/1900,12/31/2099,
DAT100          ,DarkStar Aggregation 100G,M, -, , ,50004-00238 , , , , , , , , , , , , , , , , , , ,"ARTIX US+,AU20P,FFVB676,1",P, -,EA,EA,0,1,No ,,,01/01/1900,12/31/2099,
DAT100          ,DarkStar Aggregation 100G,M, -, , ,50005-00087 , , , , , , , , , , , , , , , , , , ,"3-diode temp sensor,QSOP16",P, -,EA,EA,0,1,No ,,,01/01/1900,12/31/2099,
DAT100          ,DarkStar Aggregation 100G,M, -, , ,50005-00206 , , , , , , , , , , , , , , , , , , ,"2.2-20 to 1.2-20VDC,1.5A,SOIC8",P, -,EA,EA,0,1,No ,,,01/01/1900,12/31/2099,
DAT100          ,DarkStar Aggregation 100G,M, -, , ,50005-00227 , , , , , , , , , , , , , , , , , , ,"10bit B/D Voltage XLTR,TSSOP24",P, -,EA,EA,0,1,No ,,,01/01/1900,12/31/2099,
DAT100          ,DarkStar Aggregation 100G,M, -, , ,50006-00032 , , , , , , , , , , , , , , , , , , ,"LED,VRT,GRN,6.4mcd,0603,150deg",PR, -,EA,EA,0,21,No ,,,01/01/1900,12/31/2099,
DAT100          ,DarkStar Aggregation 100G,M, -, , ,50007-00024 , , , , , , , , , , , , , , , , , , ,"TVS,12.0V,13.3V,75.3A,SMC403",P, -,EA,EA,0,1,No ,,,01/01/1900,12/31/2099,
DAT100          ,DarkStar Aggregation 100G,M, -, , ,50007-00026 , , , , , , , , , , , , , , , , , , ,"nMOSFET,25V,680mA,SOT23-3",P, -,EA,EA,0,3,No ,,,01/01/1900,12/31/2099,
DAT100          ,DarkStar Aggregation 100G,M, -, , ,50008-00043 , , , , , , , , , , , , , , , , , , ,"0.33uF,16V,X7R,0805,10%",P, -,EA,EA,0,39,No ,,,01/01/1900,12/31/2099,
DAT100          ,DarkStar Aggregation 100G,M, -, , ,50008-00048 , , , , , , , , , , , , , , , , , , ,"2200pF,16V,X7R,0201,10%",P, -,EA,EA,0,108,No ,,,01/01/1900,12/31/2099,
DAT100          ,DarkStar Aggregation 100G,M, -, , ,50008-00049 , , , , , , , , , , , , , , , , , , ,"15000pF,10V,X7R,0402,10%",P, -,EA,EA,0,18,No ,,,01/01/1900,12/31/2099,
DAT100          ,DarkStar Aggregation 100G,M, -, , ,50008-00091 , , , , , , , , , , , , , , , , , , ,"0.1uF,25V,X5R,0603,10%",P, -,EA,EA,0,8,No ,,,01/01/1900,12/31/2099,
DAT100          ,DarkStar Aggregation 100G,M, -, , ,50008-00095 , , , , , , , , , , , , , , , , , , ,"0.1uF,6.3V,X5R,0201,10%",P, -,EA,EA,0,49,No ,,,01/01/1900,12/31/2099,
DAT100          ,DarkStar Aggregation 100G,M, -, , ,50008-00098 , , , , , , , , , , , , , , , , , , ,"1.0uF,10V,X5R,0402,10%",P, -,EA,EA,0,2,No ,,,01/01/1900,12/31/2099,
DAT100          ,DarkStar Aggregation 100G,M, -, , ,50008-00102 , , , , , , , , , , , , , , , , , , ,"4.7uF,6.3V,X5R,0603,10%",P, -,EA,EA,0,12,No ,,,01/01/1900,12/31/2099,
DAT100          ,DarkStar Aggregation 100G,M, -, , ,50008-00122 , , , , , , , , , , , , , , , , , , ,"47uF,25V,X5R,1206,20%",P, -,EA,EA,0,14,No ,,,01/01/1900,12/31/2099,
DAT100          ,DarkStar Aggregation 100G,M, -, , ,50008-00124 , , , , , , , , , , , , , , , , , , ,"22UF,25V,X5R,0805,20%",P, -,EA,EA,0,72,No ,,,01/01/1900,12/31/2099,
DAT100          ,DarkStar Aggregation 100G,M, -, , ,50008-00126 , , , , , , , , , , , , , , , , , , ,"100UF,6.3V,X5R,0805,20%",P, -,EA,EA,0,21,No ,,,01/01/1900,12/31/2099,
DAT100          ,DarkStar Aggregation 100G,M, -, , ,50008-00127 , , , , , , , , , , , , , , , , , , ,"10UF,25V,X5R,0805,10%",P, -,EA,EA,0,13,No ,,,01/01/1900,12/31/2099,
DAT100          ,DarkStar Aggregation 100G,M, -, , ,50009-00133 , , , , , , , , , , , , , , , , , , ,"49.9,0.063W,1%,0402",P, -,EA,EA,0,2,No ,,,01/01/1900,12/31/2099,
DAT100          ,DarkStar Aggregation 100G,M, -, , ,50009-00138 , , , , , , , , , , , , , , , , , , ,"0,0.063W,5%,0402",P, -,EA,EA,0,9,No ,,,01/01/1900,12/31/2099,
DAT100          ,DarkStar Aggregation 100G,M, -, , ,50009-00186 , , , , , , , , , , , , , , , , , , ,"100,0.063W,1%,0402",P, -,EA,EA,0,27,No ,,,01/01/1900,12/31/2099,
DAT100          ,DarkStar Aggregation 100G,M, -, , ,50009-00206 , , , , , , , , , , , , , , , , , , ,"2K,0.063W,1%,0402",P, -,EA,EA,0,1,No ,,,01/01/1900,12/31/2099,
DAT100          ,DarkStar Aggregation 100G,M, -, , ,50009-00213 , , , , , , , , , , , , , , , , , , ,"487,0.063W,1%,0402",P, -,EA,EA,0,1,No ,,,01/01/1900,12/31/2099,
DAT100          ,DarkStar Aggregation 100G,M, -, , ,50009-00242 , , , , , , , , , , , , , , , , , , ,"4.7K,0.063W,5%,0402",P, -,EA,EA,0,102,No ,,,01/01/1900,12/31/2099,
DAT100          ,DarkStar Aggregation 100G,M, -, , ,50009-00250 , , , , , , , , , , , , , , , , , , ,"270,0.063W,5%,0402",P, -,EA,EA,0,41,No ,,,01/01/1900,12/31/2099,
DAT100          ,DarkStar Aggregation 100G,M, -, , ,50009-00266 , , , , , , , , , , , , , , , , , , ,"10K,0.063W,0.1%,0402",P, -,EA,EA,0,10,No ,,,01/01/1900,12/31/2099,
DAT100          ,DarkStar Aggregation 100G,M, -, , ,50009-00272 , , , , , , , , , , , , , , , , , , ,"1K,0.063W,0.1%,0402",P, -,EA,EA,0,5,No ,,,01/01/1900,12/31/2099,
DAT100          ,DarkStar Aggregation 100G,M, -, , ,50009-00292 , , , , , , , , , , , , , , , , , , ,"6.2K,0.063W,1%,0402",P, -,EA,EA,0,1,No ,,,01/01/1900,12/31/2099,
DAT100          ,DarkStar Aggregation 100G,M, -, , ,50009-00301 , , , , , , , , , , , , , , , , , , ,"23.7K,0.063W,1%,0402",P, -,EA,EA,0,13,No ,,,01/01/1900,12/31/2099,
DAT100          ,DarkStar Aggregation 100G,M, -, , ,50009-00309 , , , , , , , , , , , , , , , , , , ,"36.5K,0.063W,1%,0402",P, -,EA,EA,0,8,No ,,,01/01/1900,12/31/2099,
DAT100          ,DarkStar Aggregation 100G,M, -, , ,50009-00311 , , , , , , , , , , , , , , , , , , ,"200K,0.063W,5%,0402",P, -,EA,EA,0,1,No ,,,01/01/1900,12/31/2099,
DAT100          ,DarkStar Aggregation 100G,M, -, , ,50009-00315 , , , , , , , , , , , , , , , , , , ,"4.42K,0.063W,1%,0402",P, -,EA,EA,0,1,No ,,,01/01/1900,12/31/2099,
DAT100          ,DarkStar Aggregation 100G,M, -, , ,50009-00319 , , , , , , , , , , , , , , , , , , ,"1.8K,0.063W,1%,0402",P, -,EA,EA,0,1,No ,,,01/01/1900,12/31/2099,
DAT100          ,DarkStar Aggregation 100G,M, -, , ,50009-00325 , , , , , , , , , , , , , , , , , , ,"39.2K,0.063W,1%,0402",P, -,EA,EA,0,1,No ,,,01/01/1900,12/31/2099,
DAT100          ,DarkStar Aggregation 100G,M, -, , ,50010-00031 , , , , , , , , , , , , , , , , , , ,"Ind,4.7uH,0.088ohm,1.6A,4mmSQ",PR, -,EA,EA,0,19,No ,,,01/01/1900,12/31/2099,
DAT100          ,DarkStar Aggregation 100G,M, -, , ,50010-00044 , , , , , , , , , , , , , , , , , , ,"FERRITE BEAD,120 OHM,3.0A,0603",P, -,EA,EA,0,1,No ,,,01/01/1900,12/31/2099,
DAT100          ,DarkStar Aggregation 100G,M, -, , ,50013-00261 , , , , , , , , , , , , , , , , , , ,"PCB HDR,0.2"",2P,RA,TH,Sn",P, -,EA,EA,0,2,No ,,,01/01/1900,12/31/2099,
DAT100          ,DarkStar Aggregation 100G,M, -, , ,50013-00312 , , , , , , , , , , , , , , , , , , ,"PCB HDR,0.1"",1x2P,VRT,TH,30Au",P, -,EA,EA,0,1,No ,,,01/01/1900,12/31/2099,
DAT100          ,DarkStar Aggregation 100G,M, -, , ,50013-00339 , , , , , , , , , , , , , , , , , , ,"Shrd HDR,2mm,2x12,VRT,TH,30Au",P, -,EA,EA,0,2,No ,,,01/01/1900,12/31/2099,
DAT100          ,DarkStar Aggregation 100G,M, -, , ,50013-00365 , , , , , , , , , , , , , , , , , , ,"zQSFP+,0.8mm,38P,RA,SMT,30Au",PR, -,EA,EA,0,1,No ,,,01/01/1900,12/31/2099,
DAT100          ,DarkStar Aggregation 100G,M, -, , ,50013-00383 , , , , , , , , , , , , , , , , , , ,"SHRD HDR,2MM,2X25,VRT,TH,30AU",P, -,EA,EA,0,1,No ,,,01/01/1900,12/31/2099,
DAT100          ,DarkStar Aggregation 100G,M, -, , ,50017-00050 , , , , , , , , , , , , , , , , , , ,"LVDS,2.5V,250MHz,50,5x7P6",P, -,EA,EA,0,1,No ,,,01/01/1900,12/31/2099,
DAT100          ,DarkStar Aggregation 100G,M, -, , ,50017-00076 , , , , , , , , , , , , , , , , , , ,"PECL,2.5V,10-810MHz,31.5,5x7P8",P, -,EA,EA,0,2,No ,,,01/01/1900,12/31/2099,
DAT100          ,DarkStar Aggregation 100G,M, -, , ,50018-00026 , , , , , , , , , , , , , , , , , , ,"PTC Fuse,6.0A,30V,Rad10",P, -,EA,EA,0,1,No ,,,01/01/1900,12/31/2099,
DAT100          ,DarkStar Aggregation 100G,M, -, , ,50033-00062 , , , , , , , , , , , , , , , , , , ,"3-14.4 to .45-5.5VDC,20A,Dig",P, -,EA,EA,0,2,No ,,,01/01/1900,12/31/2099,
DAT100          ,DarkStar Aggregation 100G,M, -, , ,50033-00065 , , , , , , , , , , , , , , , , , , ,"3-14.4VDC to .45-5.5VDC,6A,Dig",P, -,EA,EA,0,5,No ,,,01/01/1900,12/31/2099,
DAT100          ,DarkStar Aggregation 100G,M, -, , ,50034-00023 , , , , , , , , , , , , , , , , , , ,"SFP+ 2x1 Cage,40P,2mmPFT",P, -,EA,EA,0,4,No ,,,01/01/1900,12/31/2099,
DAT100          ,DarkStar Aggregation 100G,M, -, , ,50034-00024 , , , , , , , , , , , , , , , , , , ,"QSFP28 CAGE,1X1,NET,PFT",P, -,EA,EA,0,1,No ,,,01/01/1900,12/31/2099,
DAT100          ,DarkStar Aggregation 100G,M, -, ,30004-00008-00 , , , , , , , , , , , , , , , , , , , ,"C1U FAN ASSEMBLY, HIGH SPEED",M, -,EA,EA,0,2,No ,,,01/01/1900,12/31/2099,
DAT100          ,DarkStar Aggregation 100G,M, -, , ,30001-00056-06 , , , , , , , , , , , , , , , , , , ,"PCA,C1UF,FAN",SI, -,EA,EA,0,1,No ,,,01/01/1900,12/31/2099,
DAT100          ,DarkStar Aggregation 100G,M, -, , , ,40003-00056-05 , , , , , , , , , , , , , , , , , ,"PCB,C1UF,FAN",P, -,EA,EA,1,1,No ,,,01/01/1900,12/31/2099,
DAT100          ,DarkStar Aggregation 100G,M, -, , , ,50003-00089 , , , , , , , , , , , , , , , , , ,"I2C EEPROM,2K,1.8-5.5V,SOIC8",P, -,EA,EA,2,1,No ,,,01/01/1900,12/31/2099,
DAT100          ,DarkStar Aggregation 100G,M, -, , , ,50003-00096 , , , , , , , , , , , , , , , , , ,"I2C EEPROM,256K,1.8-5.5V,SOIC8",P, -,EA,EA,3,1,No ,,,01/01/1900,12/31/2099,
DAT100          ,DarkStar Aggregation 100G,M, -, , , ,50004-00219 , , , , , , , , , , , , , , , , , ,"Actel,A3P250,FGG144,Std",P, -,EA,EA,4,1,No ,,,01/01/1900,12/31/2099,
DAT100          ,DarkStar Aggregation 100G,M, -, , , ,50005-00087 , , , , , , , , , , , , , , , , , ,"3-diode temp sensor,QSOP16",P, -,EA,EA,5,1,No ,,,01/01/1900,12/31/2099,
DAT100          ,DarkStar Aggregation 100G,M, -, , , ,50005-00206 , , , , , , , , , , , , , , , , , ,"2.2-20 to 1.2-20VDC,1.5A,SOIC8",P, -,EA,EA,6,2,No ,,,01/01/1900,12/31/2099,
DAT100          ,DarkStar Aggregation 100G,M, -, , , ,50006-00033 , , , , , , , , , , , , , , , , , ,"LED,RA,GRN,35.0mcd,0603,130deg",PR, -,EA,EA,7,2,No ,,,01/01/1900,12/31/2099,
DAT100          ,DarkStar Aggregation 100G,M, -, , , ,50006-00034 , , , , , , , , , , , , , , , , , ,"LED,RA,RED,54.0mcd,0603,130deg",PR, -,EA,EA,8,2,No ,,,01/01/1900,12/31/2099,
DAT100          ,DarkStar Aggregation 100G,M, -, , , ,50007-00024 , , , , , , , , , , , , , , , , , ,"TVS,12.0V,13.3V,75.3A,SMC403",P, -,EA,EA,9,1,No ,,,01/01/1900,12/31/2099,
DAT100          ,DarkStar Aggregation 100G,M, -, , , ,50008-00043 , , , , , , , , , , , , , , , , , ,"0.33uF,16V,X7R,0805,10%",P, -,EA,EA,10,2,No ,,,01/01/1900,12/31/2099,
DAT100          ,DarkStar Aggregation 100G,M, -, , , ,50008-00049 , , , , , , , , , , , , , , , , , ,"15000pF,10V,X7R,0402,10%",P, -,EA,EA,11,6,No ,,,01/01/1900,12/31/2099,
DAT100          ,DarkStar Aggregation 100G,M, -, , , ,50008-00091 , , , , , , , , , , , , , , , , , ,"0.1uF,25V,X5R,0603,10%",P, -,EA,EA,12,2,No ,,,01/01/1900,12/31/2099,
DAT100          ,DarkStar Aggregation 100G,M, -, , , ,50008-00122 , , , , , , , , , , , , , , , , , ,"47uF,25V,X5R,1206,20%",P, -,EA,EA,13,8,No ,,,01/01/1900,12/31/2099,
DAT100          ,DarkStar Aggregation 100G,M, -, , , ,50009-00235 , , , , , , , , , , , , , , , , , ,"255,0.063W,1%,0402",P, -,EA,EA,14,6,No ,,,01/01/1900,12/31/2099,
DAT100          ,DarkStar Aggregation 100G,M, -, , , ,50009-00241 , , , , , , , , , , , , , , , , , ,"1K,0.063W,5%,0402",P, -,EA,EA,15,3,No ,,,01/01/1900,12/31/2099,
DAT100          ,DarkStar Aggregation 100G,M, -, , , ,50009-00273 , , , , , , , , , , , , , , , , , ,"1.74K,0.063W,1%,0402",P, -,EA,EA,16,1,No ,,,01/01/1900,12/31/2099,
DAT100          ,DarkStar Aggregation 100G,M, -, , , ,50009-00286 , , , , , , , , , , , , , , , , , ,"3.3K,0.063W,1%,0402",P, -,EA,EA,17,12,No ,,,01/01/1900,12/31/2099,
DAT100          ,DarkStar Aggregation 100G,M, -, , , ,50013-00312 , , , , , , , , , , , , , , , , , ,"PCB HDR,0.1"",1x2P,VRT,TH,30Au",P, -,EA,EA,18,1,No ,,,01/01/1900,12/31/2099,
DAT100          ,DarkStar Aggregation 100G,M, -, , , ,50013-00334 , , , , , , , , , , , , , , , , , ,"Plug,0.635mm,2x26P,RA,SMT,10Au",P, -,EA,EA,19,1,No ,,,01/01/1900,12/31/2099,
DAT100          ,DarkStar Aggregation 100G,M, -, , , ,50013-00368 , , , , , , , , , , , , , , , , , ,"Shrd HDR,1.5mm,1x4P,VRT,SMT,Sn",PR, -,EA,EA,20,2,No ,,,01/01/1900,12/31/2099,
DAT100          ,DarkStar Aggregation 100G,M, -, , , ,50017-00035 , , , , , , , , , , , , , , , , , ,"CMOS,3.3V,40.0MHz,100,5x7P4",P, -,EA,EA,21,1,No ,,,01/01/1900,12/31/2099,
DAT100          ,DarkStar Aggregation 100G,M, -, , , ,50018-00032 , , , , , , , , , , , , , , , , , ,"PTC FUSE,3A,15V,2920",P, -,EA,EA,22,1,No ,,,01/01/1900,12/31/2099,
DAT100          ,DarkStar Aggregation 100G,M, -, , ,40001-00102-02 , , , , , , , , , , , , , , , , , , ,"Handle, 2-Fan Module",PI, -,EA,EA,0,1,No ,,,01/01/1900,12/31/2099,
DAT100          ,DarkStar Aggregation 100G,M, -, , ,40102-00688-01 , , , , , , , , , , , , , , , , , , ,"Bracket,Assembly,Fan,C1U",PI, -,EA,EA,0,1,No ,,,01/01/1900,12/31/2099,
DAT100          ,DarkStar Aggregation 100G,M, -, , ,50011-00009 , , , , , , , , , , , , , , , , , , ,"12V,1.3A,32CFM,PWM,40X40X28,4P",P, -,EA,EA,0,2,No ,,,01/01/1900,12/31/2099,
DAT100          ,DarkStar Aggregation 100G,M, -, , ,50013-00316 , , , , , , , , , , , , , , , , , , ,"Crimp Term,1.5mm,24-28AWG,Fem",F, -,EA,EA,0,8,No ,,,01/01/1900,12/31/2099,
DAT100          ,DarkStar Aggregation 100G,M, -, , ,50013-00369 , , , , , , , , , , , , , , , , , , ,"RCPT HSG,1.5mm,1x4,3A",F, -,EA,EA,0,2,No ,,,01/01/1900,12/31/2099,
DAT100          ,DarkStar Aggregation 100G,M, -, , ,50014-00072 , , , , , , , , , , , , , , , , , , ,"Screw,M3x35,Skt,Cap,SS",F, -,EA,EA,0,4,No ,,,01/01/1900,12/31/2099,
DAT100          ,DarkStar Aggregation 100G,M, -, , ,50014-00098 , , , , , , , , , , , , , , , , , , ,"Screw,M3x35,Phil,PH,SS",F, -,EA,EA,0,4,No ,,,01/01/1900,12/31/2099,
DAT100          ,DarkStar Aggregation 100G,M, -, , ,50014-00120 , , , , , , , , , , , , , , , , , , ,"Washer,Split,M3,SS",F, -,EA,EA,0,4,No ,,,01/01/1900,12/31/2099,
DAT100          ,DarkStar Aggregation 100G,M, -, , ,50014-00170 , , , , , , , , , , , , , , , , , , ,"SEMS,Sqcn,M3x6,Phil,PH,SS",F, -,EA,EA,0,1,No ,,,01/01/1900,12/31/2099,
DAT100          ,DarkStar Aggregation 100G,M, -, , ,50014-00200 , , , , , , , , , , , , , , , , , , ,"Washer,Retain,#4x.27x.03,Nylon",F, -,EA,EA,0,4,No ,,,01/01/1900,12/31/2099,
DAT100          ,DarkStar Aggregation 100G,M, -, , ,50016-00062 , , , , , , , , , , , , , , , , , , ,"Fan Guard,40mm,Wire",P, -,EA,EA,0,2,No ,,,01/01/1900,12/31/2099,
DAT100          ,DarkStar Aggregation 100G,M, -, , ,50023-00012 , , , , , , , , , , , , , , , , , , ,"Cable Tie,0.1x4"",18lb",F, -,EA,EA,0,1,No ,,,01/01/1900,12/31/2099,
DAT100          ,DarkStar Aggregation 100G,M, -, , ,50023-00040 , , , , , , , , , , , , , , , , , , ,"Tape,Polyimide,1/2""x36yd",F, -,FT,RL,0,0.001,No ,,,01/01/1900,12/31/2099,
DAT100          ,DarkStar Aggregation 100G,M, -, ,40001-00675-02 , , , , , , , , , , , , , , , , , , , ,"Cover,Fan Blank,C1U",PI, -,EA,EA,0,1,No ,,,01/01/1900,12/31/2099,
DAT100          ,DarkStar Aggregation 100G,M, -, ,40001-00973-01 , , , , , , , , , , , , , , , , , , , ,"PANEL,TOP,ACCESS PORT COVER",PI, -,EA,EA,0,3,No ,,,01/01/1900,12/31/2099,
DAT100          ,DarkStar Aggregation 100G,M, -, ,40005-00101-01 , , , , , , , , , , , , , , , , , , , ,"Cable Assy,Pwr,C1u/D/E-CCC,DS",PI, -,EA,EA,0,2,No ,,,01/01/1900,12/31/2099,
DAT100          ,DarkStar Aggregation 100G,M, -, , ,50012-00045 , , , , , , , , , , , , , , , , , , ,"Wire,18AWG,BLK,UL1015",F, -,FT,FT,0,1,No ,,,01/01/1900,12/31/2099,
DAT100          ,DarkStar Aggregation 100G,M, -, , ,50012-00046 , , , , , , , , , , , , , , , , , , ,"Wire,18AWG,RED,UL1015",F, -,FT,FT,0,1,No ,,,01/01/1900,12/31/2099,
DAT100          ,DarkStar Aggregation 100G,M, -, , ,50013-00264 , , , , , , , , , , , , , , , , , , ,"Plug HSG,0.2"",1x2,13A",F, -,EA,EA,0,2,No ,,,01/01/1900,12/31/2099,
DAT100          ,DarkStar Aggregation 100G,M, -, , ,50013-00310 , , , , , , , , , , , , , , , , , , ,"Crimp SKT,14-20AWG,13A,30Au",F, -,EA,EA,0,4,No ,,,01/01/1900,12/31/2099,
DAT100          ,DarkStar Aggregation 100G,M, -, ,40005-00105-01 , , , , , , , , , , , , , , , , , , , ,"Cable Assy,Sig,C1uD/P-CCC,DS",PI, A,EA,EA,0,1,No ,,,01/01/1900,12/31/2099,
DAT100          ,DarkStar Aggregation 100G,M, -, , ,50012-00051 , , , , , , , , , , , , , , , , , , ,"Cable,Flat,1.0mm,28AWG,24Cond.",F, -,FT,FT,1,1,No ,,,01/01/1900,12/31/2099,
DAT100          ,DarkStar Aggregation 100G,M, -, , ,50013-00340 , , , , , , , , , , , , , , , , , , ,"RCPT,2mm,2x12,IDC,30Au",P, -,EA,EA,2,2,No ,,,01/01/1900,12/31/2099,
DAT100          ,DarkStar Aggregation 100G,M, -, ,40005-00151-00 , , , , , , , , , , , , , , , , , , , ,"CABLE,SIG,LEFT,CRPS",M, -,EA,EA,0,1,No ,,,01/01/1900,12/31/2099,
DAT100          ,DarkStar Aggregation 100G,M, -, , ,50012-00051 , , , , , , , , , , , , , , , , , , ,"Cable,Flat,1.0mm,28AWG,24Cond.",F, -,FT,FT,0,1,No ,,,01/01/1900,12/31/2099,
DAT100          ,DarkStar Aggregation 100G,M, -, , ,50013-00340 , , , , , , , , , , , , , , , , , , ,"RCPT,2mm,2x12,IDC,30Au",P, -,EA,EA,0,2,No ,,,01/01/1900,12/31/2099,
DAT100          ,DarkStar Aggregation 100G,M, -, ,40005-00152-00 , , , , , , , , , , , , , , , , , , , ,"CABLE,SIG,RIGHT,CRPS",M, -,EA,EA,0,1,No ,,,01/01/1900,12/31/2099,
DAT100          ,DarkStar Aggregation 100G,M, -, , ,50012-00051 , , , , , , , , , , , , , , , , , , ,"Cable,Flat,1.0mm,28AWG,24Cond.",F, -,FT,FT,0,1,No ,,,01/01/1900,12/31/2099,
DAT100          ,DarkStar Aggregation 100G,M, -, , ,50013-00340 , , , , , , , , , , , , , , , , , , ,"RCPT,2mm,2x12,IDC,30Au",P, -,EA,EA,0,2,No ,,,01/01/1900,12/31/2099,
DAT100          ,DarkStar Aggregation 100G,M, -, ,40005-00158-00 , , , , , , , , , , , , , , , , , , , ,"CABLE ASSY,SIG,CMD-CB100SAQ",M, -,EA,EA,0,1,No ,,,01/01/1900,12/31/2099,
DAT100          ,DarkStar Aggregation 100G,M, -, ,40102-00944-00 , , , , , , , , , , , , , , , , , , , ,"BOTTOM HOUSING,CRPS,1U",PI, -,EA,EA,0,1,No ,,,01/01/1900,12/31/2099,
DAT100          ,DarkStar Aggregation 100G,M, -, ,40102-00982-00 , , , , , , , , , , , , , , , , , , , ,"PANEL,TOP,ACCESS PORT,CRPS,1U",PI, -,EA,EA,0,1,No ,,,01/01/1900,12/31/2099,
DAT100          ,DarkStar Aggregation 100G,M, -, ,40102-01012-00 , , , , , , , , , , , , , , , , , , , ,"FRONT HSG,DAT100,1U",PI, -,EA,EA,0,1,No ,,,01/01/1900,12/31/2099,
DAT100          ,DarkStar Aggregation 100G,M, -, ,40102-01013-00 , , , , , , , , , , , , , , , , , , , ,"PLATE,TX,DAT100,1U",PI, -,EA,EA,0,1,No ,,,01/01/1900,12/31/2099,
DAT100          ,DarkStar Aggregation 100G,M, -, ,50003-00098 , , , , , , , , , , , , , , , , , , , ,"Flash card, 8GB, C10, Micro SD",P, -,EA,EA,0,2,No ,,,01/01/1900,12/31/2099,
DAT100          ,DarkStar Aggregation 100G,M, -, ,50013-00367 , , , , , , , , , , , , , , , , , , , ,"Adapter,Dual LC,Screw,w/InShut",P, -,EA,EA,0,1,No ,,,01/01/1900,12/31/2099,
DAT100          ,DarkStar Aggregation 100G,M, -, ,50014-00085 , , , , , , , , , , , , , , , , , , , ,"SEMS,Ext,M3x6,Phil,PH,SS",F, -,EA,EA,0,4,No ,,,01/01/1900,12/31/2099,
DAT100          ,DarkStar Aggregation 100G,M, -, ,50014-00170 , , , , , , , , , , , , , , , , , , , ,"SEMS,Sqcn,M3x6,Phil,PH,SS",F, -,EA,EA,0,26,No ,,,01/01/1900,12/31/2099,
DAT100          ,DarkStar Aggregation 100G,M, -, ,50014-00173 , , , , , , , , , , , , , , , , , , , ,"Screw,M3x6,Phil,FH,SS/Blk",F, -,EA,EA,0,40,No ,,,01/01/1900,12/31/2099,
DAT100          ,DarkStar Aggregation 100G,M, -, ,50014-00206 , , , , , , , , , , , , , , , , , , , ,"Screw, M2x8, Phil, PH, BO",F, -,EA,EA,0,2,No ,,,01/01/1900,12/31/2099,
DAT100          ,DarkStar Aggregation 100G,M, -, ,50016-00077 , , , , , , , , , , , , , , , , , , , ,"HSink,BGA,29x29x14.5mm,w/T",P, -,EA,EA,0,1,No ,,,01/01/1900,12/31/2099,
DAT100          ,DarkStar Aggregation 100G,M, -, ,50016-00080 , , , , , , , , , , , , , , , , , , , ,"HSink,BGA,25x25x14.5mm,w/T",P, -,EA,EA,0,1,No ,,,01/01/1900,12/31/2099,
DAT100          ,DarkStar Aggregation 100G,M, -, ,50037-00001 , , , , , , , , , , , , , , , , , , , ,OSC Filter 1510nm,PI, -,EA,EA,0,2,No ,,,01/01/1900,12/31/2099,
DAT100          ,DarkStar Aggregation 100G,M, -, ,50105-00123 , , , , , , , , , , , , , , , , , , , ,"Label,Small Laser Warning,.375",F, -,EA,EA,0,1,No ,,,01/01/1900,12/31/2099,
DAT100          ,DarkStar Aggregation 100G,M, -,10002-14406-00 , , , , , , , , , , , , , , , , , , , , ,"DAT100-8 SYSTEM ASSY,CRPS,2U",X, -,EA,EA,0,1,Yes,SYS-14406-00-00 ,898989.8989,01/01/1900,12/31/2099,
DAT100          ,DarkStar Aggregation 100G,M, -, ,20006-00004-01 , , , , , , , , , , , , , , , , , , , ,"CRPS POWER ASSY, LONG",SI, -,EA,EA,0,2,No ,,,01/01/1900,12/31/2099,
DAT100          ,DarkStar Aggregation 100G,M, -, , ,30001-00114-01 , , , , , , , , , , , , , , , , , , ,"PCA,POWER,CRPS",SI, -,EA,EA,0,1,No ,,,01/01/1900,12/31/2099,
DAT100          ,DarkStar Aggregation 100G,M, -, , , ,40003-00114-01 , , , , , , , , , , , , , , , , , ,"PCB,POWER,CRPS",P, -,EA,EA,1,1,No ,,,01/01/1900,12/31/2099,
DAT100          ,DarkStar Aggregation 100G,M, -, , , ,50007-00031 , , , , , , , , , , , , , , , , , ,"SCHOTTKY,40V,5A,DO-214AB",P, -,EA,EA,2,1,No ,,,01/01/1900,12/31/2099,
DAT100          ,DarkStar Aggregation 100G,M, -, , , ,50008-00043 , , , , , , , , , , , , , , , , , ,"0.33uF,16V,X7R,0805,10%",P, -,EA,EA,3,4,No ,,,01/01/1900,12/31/2099,
DAT100          ,DarkStar Aggregation 100G,M, -, , , ,50008-00048 , , , , , , , , , , , , , , , , , ,"2200pF,16V,X7R,0201,10%",P, -,EA,EA,4,1,No ,,,01/01/1900,12/31/2099,
DAT100          ,DarkStar Aggregation 100G,M, -, , , ,50008-00091 , , , , , , , , , , , , , , , , , ,"0.1uF,25V,X5R,0603,10%",P, -,EA,EA,5,1,No ,,,01/01/1900,12/31/2099,
DAT100          ,DarkStar Aggregation 100G,M, -, , , ,50008-00095 , , , , , , , , , , , , , , , , , ,"0.1uF,6.3V,X5R,0201,10%",P, -,EA,EA,6,1,No ,,,01/01/1900,12/31/2099,
DAT100          ,DarkStar Aggregation 100G,M, -, , , ,50008-00124 , , , , , , , , , , , , , , , , , ,"22UF,25V,X5R,0805,20%",P, -,EA,EA,7,5,No ,,,01/01/1900,12/31/2099,
DAT100          ,DarkStar Aggregation 100G,M, -, , , ,50009-00138 , , , , , , , , , , , , , , , , , ,"0,0.063W,5%,0402",P, -,EA,EA,8,3,No ,,,01/01/1900,12/31/2099,
DAT100          ,DarkStar Aggregation 100G,M, -, , , ,50009-00206 , , , , , , , , , , , , , , , , , ,"2K,0.063W,1%,0402",P, -,EA,EA,9,2,No ,,,01/01/1900,12/31/2099,
DAT100          ,DarkStar Aggregation 100G,M, -, , , ,50009-00242 , , , , , , , , , , , , , , , , , ,"4.7K,0.063W,5%,0402",P, -,EA,EA,10,4,No ,,,01/01/1900,12/31/2099,
DAT100          ,DarkStar Aggregation 100G,M, -, , , ,50009-00250 , , , , , , , , , , , , , , , , , ,"270,0.063W,5%,0402",P, -,EA,EA,11,1,No ,,,01/01/1900,12/31/2099,
DAT100          ,DarkStar Aggregation 100G,M, -, , , ,50009-00301 , , , , , , , , , , , , , , , , , ,"23.7K,0.063W,1%,0402",P, -,EA,EA,12,2,No ,,,01/01/1900,12/31/2099,
DAT100          ,DarkStar Aggregation 100G,M, -, , , ,50013-00339 , , , , , , , , , , , , , , , , , ,"Shrd HDR,2mm,2x12,VRT,TH,30Au",P, -,EA,EA,13,1,No ,,,01/01/1900,12/31/2099,
DAT100          ,DarkStar Aggregation 100G,M, -, , , ,50013-00395 , , , , , , , , , , , , , , , , , ,"PWR CONN,0.1"",2X25,VRT,TH,30AU",P, -,EA,EA,14,1,No ,,,01/01/1900,12/31/2099,
DAT100          ,DarkStar Aggregation 100G,M, -, , , ,50033-00063 , , , , , , , , , , , , , , , , , ,"3-14.4VDC to .45-5.5VDC,3A,Dig",P, -,EA,EA,15,1,No ,,,01/01/1900,12/31/2099,
DAT100          ,DarkStar Aggregation 100G,M, -, , ,40005-00135-01 , , , , , , , , , , , , , , , , , , ,"CABLE ASSY,PWR,C2UP-CCC",M, -,EA,EA,0,1,No ,,,01/01/1900,12/31/2099,
DAT100          ,DarkStar Aggregation 100G,M, -, , , ,50012-00018 , , , , , , , , , , , , , , , , , ,"Wire,14AWG,BLK,UL1569",F, -,FT,FT,0,20.25,No ,,,01/01/1900,12/31/2099,
DAT100          ,DarkStar Aggregation 100G,M, -, , , ,50012-00019 , , , , , , , , , , , , , , , , , ,"Wire,14AWG,RED,UL1569",F, -,FT,FT,0,20.25,No ,,,01/01/1900,12/31/2099,
DAT100          ,DarkStar Aggregation 100G,M, -, , , ,50013-00271 , , , , , , , , , , , , , , , , , ,"RCPT HSG,10mm,1x2,50A",P, -,EA,EA,0,1,No ,,,01/01/1900,12/31/2099,
DAT100          ,DarkStar Aggregation 100G,M, -, , , ,50013-00308 , , , , , , , , , , , , , , , , , ,"Crimp SKT,14-16AWG,50A,30Au",F, -,EA,EA,0,2,No ,,,01/01/1900,12/31/2099,
DAT100          ,DarkStar Aggregation 100G,M, -, ,30001-00058-04 , , , , , , , , , , , , , , , , , , , ,"PCA,C1UD,DISTRIBUTION",SI, -,EA,EA,0,1,No ,,,01/01/1900,12/31/2099,
DAT100          ,DarkStar Aggregation 100G,M, -, , ,40003-00058-04 , , , , , , , , , , , , , , , , , , ,"PCB,C1UD,Distribution",P, -,EA,EA,0,1,No ,,,01/01/1900,12/31/2099,
DAT100          ,DarkStar Aggregation 100G,M, -, , ,50007-00024 , , , , , , , , , , , , , , , , , , ,"TVS,12.0V,13.3V,75.3A,SMC403",P, -,EA,EA,0,1,No ,,,01/01/1900,12/31/2099,
DAT100          ,DarkStar Aggregation 100G,M, -, , ,50008-00043 , , , , , , , , , , , , , , , , , , ,"0.33uF,16V,X7R,0805,10%",P, -,EA,EA,0,6,No ,,,01/01/1900,12/31/2099,
DAT100          ,DarkStar Aggregation 100G,M, -, , ,50008-00086 , , , , , , , , , , , , , , , , , , ,"22uF,16V,X5R,1210,10%",P, -,EA,EA,0,2,No ,,,01/01/1900,12/31/2099,
DAT100          ,DarkStar Aggregation 100G,M, -, , ,50013-00261 , , , , , , , , , , , , , , , , , , ,"PCB HDR,0.2"",2P,RA,TH,Sn",P, -,EA,EA,0,1,No ,,,01/01/1900,12/31/2099,
DAT100          ,DarkStar Aggregation 100G,M, -, , ,50013-00333 , , , , , , , , , , , , , , , , , , ,"SKT,0.635mm,2x26P,RA,SMT,10Au",P, -,EA,EA,0,3,No ,,,01/01/1900,12/31/2099,
DAT100          ,DarkStar Aggregation 100G,M, -, , ,50013-00339 , , , , , , , , , , , , , , , , , , ,"Shrd HDR,2mm,2x12,VRT,TH,30Au",P, -,EA,EA,0,1,No ,,,01/01/1900,12/31/2099,
DAT100          ,DarkStar Aggregation 100G,M, -, ,30001-00106-03 , , , , , , , , , , , , , , , , , , , ,"PCA,CMD, COMMAND",SI,  ,EA,EA,0,1,No ,,,01/01/1900,12/31/2099,
DAT100          ,DarkStar Aggregation 100G,M, -, , ,40003-00106-03 , , , , , , , , , , , , , , , , , , ,"PCB,CMD,COMMAND",P, -,EA,EA,0,1,No ,,,01/01/1900,12/31/2099,
DAT100          ,DarkStar Aggregation 100G,M, -, , ,50002-00081 , , , , , , , , , , , , , , , , , , ,"1:2 Clk/Div,3mmSQ,QFN16EP",P, -,EA,EA,0,1,No ,,,01/01/1900,12/31/2099,
DAT100          ,DarkStar Aggregation 100G,M, -, , ,50002-00082 , , , , , , , , , , , , , , , , , , ,"1:3 Clk/Div,3mmSQ,QFN16EP",P, -,EA,EA,0,1,No ,,,01/01/1900,12/31/2099,
DAT100          ,DarkStar Aggregation 100G,M, -, , ,50003-00089 , , , , , , , , , , , , , , , , , , ,"I2C EEPROM,2K,1.8-5.5V,SOIC8",P, -,EA,EA,0,1,No ,,,01/01/1900,12/31/2099,
DAT100          ,DarkStar Aggregation 100G,M, -, , ,50003-00090 , , , , , , , , , , , , , , , , , , ,"I2C EEPROM Dip Sw,6bit,TSSOP20",P, -,EA,EA,0,1,No ,,,01/01/1900,12/31/2099,
DAT100          ,DarkStar Aggregation 100G,M, -, , ,50003-00097 , , , , , , , , , , , , , , , , , , ,"I2C EEPROM,512K,1.8-5.5V,SOIC8",P, -,EA,EA,0,1,No ,,,01/01/1900,12/31/2099,
DAT100          ,DarkStar Aggregation 100G,M, -, , ,50003-00099 , , , , , , , , , , , , , , , , , , ,"4G DDR4,2400,256X16,FBGA96",P, -,EA,EA,0,3,No ,,,01/01/1900,12/31/2099,
DAT100          ,DarkStar Aggregation 100G,M, -, , ,50004-00217 , , , , , , , , , , , , , , , , , , ,"Actel,A3P1000,FGG144,Std",P, -,EA,EA,0,1,No ,,,01/01/1900,12/31/2099,
DAT100          ,DarkStar Aggregation 100G,M, -, , ,50004-00235 , , , , , , , , , , , , , , , , , , ,"ARRIA10,10AX016E,FBGA780,4/3",P, -,EA,EA,0,1,No ,,,01/01/1900,12/31/2099,
DAT100          ,DarkStar Aggregation 100G,M, -, , ,50005-00087 , , , , , , , , , , , , , , , , , , ,"3-diode temp sensor,QSOP16",P, -,EA,EA,0,2,No ,,,01/01/1900,12/31/2099,
DAT100          ,DarkStar Aggregation 100G,M, -, , ,50005-00195 , , , , , , , , , , , , , , , , , , ,"Dual RS232 XCVR,TSSOP20",P, -,EA,EA,0,1,No ,,,01/01/1900,12/31/2099,
DAT100          ,DarkStar Aggregation 100G,M, -, , ,50005-00201 , , , , , , , , , , , , , , , , , , ,"1.5A Bus Term Reg,PSOP8",P, -,EA,EA,0,1,No ,,,01/01/1900,12/31/2099,
DAT100          ,DarkStar Aggregation 100G,M, -, , ,50005-00206 , , , , , , , , , , , , , , , , , , ,"2.2-20 to 1.2-20VDC,1.5A,SOIC8",P, -,EA,EA,0,2,No ,,,01/01/1900,12/31/2099,
DAT100          ,DarkStar Aggregation 100G,M, -, , ,50005-00244 , , , , , , , , , , , , , , , , , , ,"USB/UART BRIDGE,QFN24",P, -,EA,EA,0,1,No ,,,01/01/1900,12/31/2099,
DAT100          ,DarkStar Aggregation 100G,M, -, , ,50005-00245 , , , , , , , , , , , , , , , , , , ,"RTC/CAL,XTAL,TCHRG,I2C",P, -,EA,EA,0,1,No ,,,01/01/1900,12/31/2099,
DAT100          ,DarkStar Aggregation 100G,M, -, , ,50005-00246 , , , , , , , , , , , , , , , , , , ,"GBE SW,6-PORT,GMII,128TQFP-EP",P, -,EA,EA,0,1,No ,,,01/01/1900,12/31/2099,
DAT100          ,DarkStar Aggregation 100G,M, -, , ,50005-00247 , , , , , , , , , , , , , , , , , , ,"3A SNK/SRC DDR TERM REG,VSON10",P, -,EA,EA,0,1,No ,,,01/01/1900,12/31/2099,
DAT100          ,DarkStar Aggregation 100G,M, -, , ,50006-00033 , , , , , , , , , , , , , , , , , , ,"LED,RA,GRN,35.0mcd,0603,130deg",PR, -,EA,EA,0,5,No ,,,01/01/1900,12/31/2099,
DAT100          ,DarkStar Aggregation 100G,M, -, , ,50006-00034 , , , , , , , , , , , , , , , , , , ,"LED,RA,RED,54.0mcd,0603,130deg",PR, -,EA,EA,0,1,No ,,,01/01/1900,12/31/2099,
DAT100          ,DarkStar Aggregation 100G,M, -, , ,50006-00035 , , , , , , , , , , , , , , , , , , ,"LED,RA,ORN,90.0mcd,0603,130deg",PR, -,EA,EA,0,1,No ,,,01/01/1900,12/31/2099,
DAT100          ,DarkStar Aggregation 100G,M, -, , ,50007-00024 , , , , , , , , , , , , , , , , , , ,"TVS,12.0V,13.3V,75.3A,SMC403",P, -,EA,EA,0,1,No ,,,01/01/1900,12/31/2099,
DAT100          ,DarkStar Aggregation 100G,M, -, , ,50007-00026 , , , , , , , , , , , , , , , , , , ,"nMOSFET,25V,680mA,SOT23-3",P, -,EA,EA,0,3,No ,,,01/01/1900,12/31/2099,
DAT100          ,DarkStar Aggregation 100G,M, -, , ,50007-00029 , , , , , , , , , , , , , , , , , , ,"TVS,5.0V,11.6V,9.4A,SOD523",P, -,EA,EA,0,3,No ,,,01/01/1900,12/31/2099,
DAT100          ,DarkStar Aggregation 100G,M, -, , ,50007-00030 , , , , , , , , , , , , , , , , , , ,"FASTSW DIODE,SMA,1N4148,SOD123",P, -,EA,EA,0,2,No ,,,01/01/1900,12/31/2099,
DAT100          ,DarkStar Aggregation 100G,M, -, , ,50008-00043 , , , , , , , , , , , , , , , , , , ,"0.33uF,16V,X7R,0805,10%",P, -,EA,EA,0,73,No ,,,01/01/1900,12/31/2099,
DAT100          ,DarkStar Aggregation 100G,M, -, , ,50008-00048 , , , , , , , , , , , , , , , , , , ,"2200pF,16V,X7R,0201,10%",P, -,EA,EA,0,86,No ,,,01/01/1900,12/31/2099,
DAT100          ,DarkStar Aggregation 100G,M, -, , ,50008-00049 , , , , , , , , , , , , , , , , , , ,"15000pF,10V,X7R,0402,10%",P, -,EA,EA,0,51,No ,,,01/01/1900,12/31/2099,
DAT100          ,DarkStar Aggregation 100G,M, -, , ,50008-00073 , , , , , , , , , , , , , , , , , , ,"10uF,6.3V,X5R,0805,20%",P, -,EA,EA,0,20,No ,,,01/01/1900,12/31/2099,
DAT100          ,DarkStar Aggregation 100G,M, -, , ,50008-00074 , , , , , , , , , , , , , , , , , , ,"100uF,6.3V,X5R,1210,20%",P, -,EA,EA,0,19,No ,,,01/01/1900,12/31/2099,
DAT100          ,DarkStar Aggregation 100G,M, -, , ,50008-00083 , , , , , , , , , , , , , , , , , , ,"10uF,25V,X5R,1206,20%",P, -,EA,EA,0,1,No ,,,01/01/1900,12/31/2099,
DAT100          ,DarkStar Aggregation 100G,M, -, , ,50008-00086 , , , , , , , , , , , , , , , , , , ,"22uF,16V,X5R,1210,10%",P, -,EA,EA,0,30,No ,,,01/01/1900,12/31/2099,
DAT100          ,DarkStar Aggregation 100G,M, -, , ,50008-00091 , , , , , , , , , , , , , , , , , , ,"0.1uF,25V,X5R,0603,10%",P, -,EA,EA,0,7,No ,,,01/01/1900,12/31/2099,
DAT100          ,DarkStar Aggregation 100G,M, -, , ,50008-00095 , , , , , , , , , , , , , , , , , , ,"0.1uF,6.3V,X5R,0201,10%",P, -,EA,EA,0,83,No ,,,01/01/1900,12/31/2099,
DAT100          ,DarkStar Aggregation 100G,M, -, , ,50008-00102 , , , , , , , , , , , , , , , , , , ,"4.7uF,6.3V,X5R,0603,10%",P, -,EA,EA,0,6,No ,,,01/01/1900,12/31/2099,
DAT100          ,DarkStar Aggregation 100G,M, -, , ,50008-00123 , , , , , , , , , , , , , , , , , , ,"5.0F,5V,ELEC,RAD9,20%",P, -,EA,EA,0,1,No ,,,01/01/1900,12/31/2099,
DAT100          ,DarkStar Aggregation 100G,M, -, , ,50008-00124 , , , , , , , , , , , , , , , , , , ,"22UF,25V,X5R,0805,20%",P, -,EA,EA,0,18,No ,,,01/01/1900,12/31/2099,
DAT100          ,DarkStar Aggregation 100G,M, -, , ,50009-00133 , , , , , , , , , , , , , , , , , , ,"49.9,0.063W,1%,0402",P, -,EA,EA,0,27,No ,,,01/01/1900,12/31/2099,
DAT100          ,DarkStar Aggregation 100G,M, -, , ,50009-00134 , , , , , , , , , , , , , , , , , , ,"150,0.063W,5%,0402",P, -,EA,EA,0,9,No ,,,01/01/1900,12/31/2099,
DAT100          ,DarkStar Aggregation 100G,M, -, , ,50009-00138 , , , , , , , , , , , , , , , , , , ,"0,0.063W,5%,0402",P, -,EA,EA,0,7,No ,,,01/01/1900,12/31/2099,
DAT100          ,DarkStar Aggregation 100G,M, -, , ,50009-00186 , , , , , , , , , , , , , , , , , , ,"100,0.063W,1%,0402",P, -,EA,EA,0,21,No ,,,01/01/1900,12/31/2099,
DAT100          ,DarkStar Aggregation 100G,M, -, , ,50009-00206 , , , , , , , , , , , , , , , , , , ,"2K,0.063W,1%,0402",P, -,EA,EA,0,10,No ,,,01/01/1900,12/31/2099,
DAT100          ,DarkStar Aggregation 100G,M, -, , ,50009-00242 , , , , , , , , , , , , , , , , , , ,"4.7K,0.063W,5%,0402",P, -,EA,EA,0,70,No ,,,01/01/1900,12/31/2099,
DAT100          ,DarkStar Aggregation 100G,M, -, , ,50009-00250 , , , , , , , , , , , , , , , , , , ,"270,0.063W,5%,0402",P, -,EA,EA,0,29,No ,,,01/01/1900,12/31/2099,
DAT100          ,DarkStar Aggregation 100G,M, -, , ,50009-00261 , , , , , , , , , , , , , , , , , , ,"240,0.05W,1%,0201",P, -,EA,EA,0,4,No ,,,01/01/1900,12/31/2099,
DAT100          ,DarkStar Aggregation 100G,M, -, , ,50009-00266 , , , , , , , , , , , , , , , , , , ,"10K,0.063W,0.1%,0402",P, -,EA,EA,0,6,No ,,,01/01/1900,12/31/2099,
DAT100          ,DarkStar Aggregation 100G,M, -, , ,50009-00272 , , , , , , , , , , , , , , , , , , ,"1K,0.063W,0.1%,0402",P, -,EA,EA,0,5,No ,,,01/01/1900,12/31/2099,
DAT100          ,DarkStar Aggregation 100G,M, -, , ,50009-00292 , , , , , , , , , , , , , , , , , , ,"6.2K,0.063W,1%,0402",P, -,EA,EA,0,1,No ,,,01/01/1900,12/31/2099,
DAT100          ,DarkStar Aggregation 100G,M, -, , ,50009-00301 , , , , , , , , , , , , , , , , , , ,"23.7K,0.063W,1%,0402",P, -,EA,EA,0,6,No ,,,01/01/1900,12/31/2099,
DAT100          ,DarkStar Aggregation 100G,M, -, , ,50009-00309 , , , , , , , , , , , , , , , , , , ,"36.5K,0.063W,1%,0402",P, -,EA,EA,0,5,No ,,,01/01/1900,12/31/2099,
DAT100          ,DarkStar Aggregation 100G,M, -, , ,50009-00310 , , , , , , , , , , , , , , , , , , ,"54.9K,0.063W,1%,0402",P, -,EA,EA,0,11,No ,,,01/01/1900,12/31/2099,
DAT100          ,DarkStar Aggregation 100G,M, -, , ,50009-00315 , , , , , , , , , , , , , , , , , , ,"4.42K,0.063W,1%,0402",P, -,EA,EA,0,1,No ,,,01/01/1900,12/31/2099,
DAT100          ,DarkStar Aggregation 100G,M, -, , ,50009-00323 , , , , , , , , , , , , , , , , , , ,"6.04K,0.063W,1%,0402",P, -,EA,EA,0,6,No ,,,01/01/1900,12/31/2099,
DAT100          ,DarkStar Aggregation 100G,M, -, , ,50009-00324 , , , , , , , , , , , , , , , , , , ,"34K,0.063W,1%,0402",P, -,EA,EA,0,1,No ,,,01/01/1900,12/31/2099,
DAT100          ,DarkStar Aggregation 100G,M, -, , ,50009-00325 , , , , , , , , , , , , , , , , , , ,"39.2K,0.063W,1%,0402",P, -,EA,EA,0,1,No ,,,01/01/1900,12/31/2099,
DAT100          ,DarkStar Aggregation 100G,M, -, , ,50010-00025 , , , , , , , , , , , , , , , , , , ,"Ferrite Bead,600 ohm,0.5A,0603",PR, -,EA,EA,0,5,No ,,,01/01/1900,12/31/2099,
DAT100          ,DarkStar Aggregation 100G,M, -, , ,50010-00032 , , , , , , , , , , , , , , , , , , ,"Ferrite Bead,330 ohm,2.5A,0805",PR, -,EA,EA,0,3,No ,,,01/01/1900,12/31/2099,
DAT100          ,DarkStar Aggregation 100G,M, -, , ,50013-00254 , , , , , , , , , , , , , , , , , , ,"CAT5E JACK,RJ45,RA,TH,50AU",P, -,EA,EA,0,1,No ,,,01/01/1900,12/31/2099,
DAT100          ,DarkStar Aggregation 100G,M, -, , ,50013-00302 , , , , , , , , , , , , , , , , , , ,"Jack,RJ45,2x2,RA,TH,50Au,Grn/Y",P, -,EA,EA,0,1,No ,,,01/01/1900,12/31/2099,
DAT100          ,DarkStar Aggregation 100G,M, -, , ,50013-00312 , , , , , , , , , , , , , , , , , , ,"PCB HDR,0.1"",1x2P,VRT,TH,30Au",P, -,EA,EA,0,1,No ,,,01/01/1900,12/31/2099,
DAT100          ,DarkStar Aggregation 100G,M, -, , ,50013-00339 , , , , , , , , , , , , , , , , , , ,"Shrd HDR,2mm,2x12,VRT,TH,30Au",P, -,EA,EA,0,1,No ,,,01/01/1900,12/31/2099,
DAT100          ,DarkStar Aggregation 100G,M, -, , ,50013-00382 , , , , , , , , , , , , , , , , , , ,"USB CONN,MINI-B,SMT,RA,5P",P, -,EA,EA,0,1,No ,,,01/01/1900,12/31/2099,
DAT100          ,DarkStar Aggregation 100G,M, -, , ,50013-00383 , , , , , , , , , , , , , , , , , , ,"SHRD HDR,2MM,2X25,VRT,TH,30AU",P, -,EA,EA,0,1,No ,,,01/01/1900,12/31/2099,
DAT100          ,DarkStar Aggregation 100G,M, -, , ,50013-00384 , , , , , , , , , , , , , , , , , , ,"USD CONN,PUSH/PUSH,RA,SMT,8P",P, -,EA,EA,0,2,No ,,,01/01/1900,12/31/2099,
DAT100          ,DarkStar Aggregation 100G,M, -, , ,50017-00050 , , , , , , , , , , , , , , , , , , ,"LVDS,2.5V,250MHz,50,5x7P6",P, -,EA,EA,0,1,No ,,,01/01/1900,12/31/2099,
DAT100          ,DarkStar Aggregation 100G,M, -, , ,50018-00010 , , , , , , , , , , , , , , , , , , ,"PB switch,SPST-NO,0.4VA,RA,PCB",P, -,EA,EA,0,1,No ,,,01/01/1900,12/31/2099,
DAT100          ,DarkStar Aggregation 100G,M, -, , ,50018-00026 , , , , , , , , , , , , , , , , , , ,"PTC Fuse,6.0A,30V,Rad10",P, -,EA,EA,0,1,No ,,,01/01/1900,12/31/2099,
DAT100          ,DarkStar Aggregation 100G,M, -, , ,50033-00061 , , , , , , , , , , , , , , , , , , ,"3-14.4VDC to .6-5.5VDC,12A,Dig",P, -,EA,EA,0,2,No ,,,01/01/1900,12/31/2099,
DAT100          ,DarkStar Aggregation 100G,M, -, , ,50033-00063 , , , , , , , , , , , , , , , , , , ,"3-14.4VDC to .45-5.5VDC,3A,Dig",P, -,EA,EA,0,2,No ,,,01/01/1900,12/31/2099,
DAT100          ,DarkStar Aggregation 100G,M, -, , ,50033-00065 , , , , , , , , , , , , , , , , , , ,"3-14.4VDC to .45-5.5VDC,6A,Dig",P, -,EA,EA,0,2,No ,,,01/01/1900,12/31/2099,
DAT100          ,DarkStar Aggregation 100G,M, -, ,30001-00110-02 , , , , , , , , , , , , , , , , , , , ,"PCA, EPO",SI, -,EA,EA,0,1,No ,,,01/01/1900,12/31/2099,
DAT100          ,DarkStar Aggregation 100G,M, -, , ,40003-00110-02 , , , , , , , , , , , , , , , , , , ,"PCB, EPO",P, -,EA,EA,0,1,No ,,,01/01/1900,12/31/2099,
DAT100          ,DarkStar Aggregation 100G,M, -, , ,50003-00089 , , , , , , , , , , , , , , , , , , ,"I2C EEPROM,2K,1.8-5.5V,SOIC8",P, -,EA,EA,0,1,No ,,,01/01/1900,12/31/2099,
DAT100          ,DarkStar Aggregation 100G,M, -, , ,50003-00097 , , , , , , , , , , , , , , , , , , ,"I2C EEPROM,512K,1.8-5.5V,SOIC8",P, -,EA,EA,0,1,No ,,,01/01/1900,12/31/2099,
DAT100          ,DarkStar Aggregation 100G,M, -, , ,50004-00219 , , , , , , , , , , , , , , , , , , ,"Actel,A3P250,FGG144,Std",P, -,EA,EA,0,1,No ,,,01/01/1900,12/31/2099,
DAT100          ,DarkStar Aggregation 100G,M, -, , ,50005-00198 , , , , , , , , , , , , , , , , , , ,"10bit Temp sensor,MSOP8",P, -,EA,EA,0,1,No ,,,01/01/1900,12/31/2099,
DAT100          ,DarkStar Aggregation 100G,M, -, , ,50005-00206 , , , , , , , , , , , , , , , , , , ,"2.2-20 to 1.2-20VDC,1.5A,SOIC8",P, -,EA,EA,0,2,No ,,,01/01/1900,12/31/2099,
DAT100          ,DarkStar Aggregation 100G,M, -, , ,50005-00213 , , , , , , , , , , , , , , , , , , ,"I2C 8-Chan Trans Sw,TSSOP24",P, -,EA,EA,0,1,No ,,,01/01/1900,12/31/2099,
DAT100          ,DarkStar Aggregation 100G,M, -, , ,50006-00032 , , , , , , , , , , , , , , , , , , ,"LED,VRT,GRN,6.4mcd,0603,150deg",PR, -,EA,EA,0,10,No ,,,01/01/1900,12/31/2099,
DAT100          ,DarkStar Aggregation 100G,M, -, , ,50007-00024 , , , , , , , , , , , , , , , , , , ,"TVS,12.0V,13.3V,75.3A,SMC403",P, -,EA,EA,0,1,No ,,,01/01/1900,12/31/2099,
DAT100          ,DarkStar Aggregation 100G,M, -, , ,50007-00025 , , , , , , , , , , , , , , , , , , ,"TVS,3.3V,5.0V,11.2A,SOD523",P, -,EA,EA,0,1,No ,,,01/01/1900,12/31/2099,
DAT100          ,DarkStar Aggregation 100G,M, -, , ,50008-00043 , , , , , , , , , , , , , , , , , , ,"0.33uF,16V,X7R,0805,10%",P, -,EA,EA,0,21,No ,,,01/01/1900,12/31/2099,
DAT100          ,DarkStar Aggregation 100G,M, -, , ,50008-00048 , , , , , , , , , , , , , , , , , , ,"2200pF,16V,X7R,0201,10%",P, -,EA,EA,0,17,No ,,,01/01/1900,12/31/2099,
DAT100          ,DarkStar Aggregation 100G,M, -, , ,50008-00049 , , , , , , , , , , , , , , , , , , ,"15000pF,10V,X7R,0402,10%",P, -,EA,EA,0,23,No ,,,01/01/1900,12/31/2099,
DAT100          ,DarkStar Aggregation 100G,M, -, , ,50008-00073 , , , , , , , , , , , , , , , , , , ,"10uF,6.3V,X5R,0805,20%",P, -,EA,EA,0,14,No ,,,01/01/1900,12/31/2099,
DAT100          ,DarkStar Aggregation 100G,M, -, , ,50008-00091 , , , , , , , , , , , , , , , , , , ,"0.1uF,25V,X5R,0603,10%",P, -,EA,EA,0,8,No ,,,01/01/1900,12/31/2099,
DAT100          ,DarkStar Aggregation 100G,M, -, , ,50008-00095 , , , , , , , , , , , , , , , , , , ,"0.1uF,6.3V,X5R,0201,10%",P, -,EA,EA,0,27,No ,,,01/01/1900,12/31/2099,
DAT100          ,DarkStar Aggregation 100G,M, -, , ,50008-00124 , , , , , , , , , , , , , , , , , , ,"22UF,25V,X5R,0805,20%",P, -,EA,EA,0,28,No ,,,01/01/1900,12/31/2099,
DAT100          ,DarkStar Aggregation 100G,M, -, , ,50008-00126 , , , , , , , , , , , , , , , , , , ,"100UF,6.3V,X5R,0805,20%",P, -,EA,EA,0,10,No ,,,01/01/1900,12/31/2099,
DAT100          ,DarkStar Aggregation 100G,M, -, , ,50009-00138 , , , , , , , , , , , , , , , , , , ,"0,0.063W,5%,0402",P, -,EA,EA,0,13,No ,,,01/01/1900,12/31/2099,
DAT100          ,DarkStar Aggregation 100G,M, -, , ,50009-00213 , , , , , , , , , , , , , , , , , , ,"487,0.063W,1%,0402",P, -,EA,EA,0,1,No ,,,01/01/1900,12/31/2099,
DAT100          ,DarkStar Aggregation 100G,M, -, , ,50009-00240 , , , , , , , , , , , , , , , , , , ,"100,0.063W,5%,0402",P, -,EA,EA,0,9,No ,,,01/01/1900,12/31/2099,
DAT100          ,DarkStar Aggregation 100G,M, -, , ,50009-00242 , , , , , , , , , , , , , , , , , , ,"4.7K,0.063W,5%,0402",P, -,EA,EA,0,50,No ,,,01/01/1900,12/31/2099,
DAT100          ,DarkStar Aggregation 100G,M, -, , ,50009-00250 , , , , , , , , , , , , , , , , , , ,"270,0.063W,5%,0402",P, -,EA,EA,0,14,No ,,,01/01/1900,12/31/2099,
DAT100          ,DarkStar Aggregation 100G,M, -, , ,50009-00272 , , , , , , , , , , , , , , , , , , ,"1K,0.063W,0.1%,0402",P, -,EA,EA,0,2,No ,,,01/01/1900,12/31/2099,
DAT100          ,DarkStar Aggregation 100G,M, -, , ,50009-00301 , , , , , , , , , , , , , , , , , , ,"23.7K,0.063W,1%,0402",P, -,EA,EA,0,3,No ,,,01/01/1900,12/31/2099,
DAT100          ,DarkStar Aggregation 100G,M, -, , ,50009-00303 , , , , , , , , , , , , , , , , , , ,"2.7K,0.063W,1%,0402",P, -,EA,EA,0,2,No ,,,01/01/1900,12/31/2099,
DAT100          ,DarkStar Aggregation 100G,M, -, , ,50009-00309 , , , , , , , , , , , , , , , , , , ,"36.5K,0.063W,1%,0402",P, -,EA,EA,0,1,No ,,,01/01/1900,12/31/2099,
DAT100          ,DarkStar Aggregation 100G,M, -, , ,50009-00315 , , , , , , , , , , , , , , , , , , ,"4.42K,0.063W,1%,0402",P, -,EA,EA,0,1,No ,,,01/01/1900,12/31/2099,
DAT100          ,DarkStar Aggregation 100G,M, -, , ,50010-00026 , , , , , , , , , , , , , , , , , , ,"Ind,1.0uH,0.09ohm,0.8A,1210",P, -,EA,EA,0,8,No ,,,01/01/1900,12/31/2099,
DAT100          ,DarkStar Aggregation 100G,M, -, , ,50013-00261 , , , , , , , , , , , , , , , , , , ,"PCB HDR,0.2"",2P,RA,TH,Sn",P, -,EA,EA,0,2,No ,,,01/01/1900,12/31/2099,
DAT100          ,DarkStar Aggregation 100G,M, -, , ,50013-00283 , , , , , , , , , , , , , , , , , , ,"PCB HDR,10mm,2P,RA,TH,30Au",P, -,EA,EA,0,2,No ,,,01/01/1900,12/31/2099,
DAT100          ,DarkStar Aggregation 100G,M, -, , ,50013-00291 , , , , , , , , , , , , , , , , , , ,"SFP Cage Assy,2x2,w/Light pipe",P, -,EA,EA,0,1,No ,,,01/01/1900,12/31/2099,
DAT100          ,DarkStar Aggregation 100G,M, -, , ,50013-00306 , , , , , , , , , , , , , , , , , , ,"Pwr RCPT,0.25"",4P,RA,TH,30Au",P, -,EA,EA,0,1,No ,,,01/01/1900,12/31/2099,
DAT100          ,DarkStar Aggregation 100G,M, -, , ,50013-00312 , , , , , , , , , , , , , , , , , , ,"PCB HDR,0.1"",1x2P,VRT,TH,30Au",P, -,EA,EA,0,1,No ,,,01/01/1900,12/31/2099,
DAT100          ,DarkStar Aggregation 100G,M, -, , ,50013-00339 , , , , , , , , , , , , , , , , , , ,"Shrd HDR,2mm,2x12,VRT,TH,30Au",P, -,EA,EA,0,4,No ,,,01/01/1900,12/31/2099,
DAT100          ,DarkStar Aggregation 100G,M, -, , ,50013-00385 , , , , , , , , , , , , , , , , , , ,"PCIE EDGE CONN,STRDL,98P",P, -,EA,EA,0,1,No ,,,01/01/1900,12/31/2099,
DAT100          ,DarkStar Aggregation 100G,M, -, , ,50013-00386 , , , , , , , , , , , , , , , , , , ,"SATA RCPT,SMD,VRT,7S15P",P, -,EA,EA,0,1,No ,,,01/01/1900,12/31/2099,
DAT100          ,DarkStar Aggregation 100G,M, -, , ,50013-00394 , , , , , , , , , , , , , , , , , , ," SATA HDR,1CH,7P,VRT,SMT,15AU",P, -,EA,EA,0,1,No ,,,01/01/1900,12/31/2099,
DAT100          ,DarkStar Aggregation 100G,M, -, , ,50017-00035 , , , , , , , , , , , , , , , , , , ,"CMOS,3.3V,40.0MHz,100,5x7P4",P, -,EA,EA,0,1,No ,,,01/01/1900,12/31/2099,
DAT100          ,DarkStar Aggregation 100G,M, -, , ,50018-00026 , , , , , , , , , , , , , , , , , , ,"PTC Fuse,6.0A,30V,Rad10",P, -,EA,EA,0,2,No ,,,01/01/1900,12/31/2099,
DAT100          ,DarkStar Aggregation 100G,M, -, , ,50018-00028 , , , , , , , , , , , , , , , , , , ,"PTC Fuse,2.5A,16V,Rad5",P, -,EA,EA,0,1,No ,,,01/01/1900,12/31/2099,
DAT100          ,DarkStar Aggregation 100G,M, -, , ,50033-00063 , , , , , , , , , , , , , , , , , , ,"3-14.4VDC to .45-5.5VDC,3A,Dig",P, -,EA,EA,0,1,No ,,,01/01/1900,12/31/2099,
DAT100          ,DarkStar Aggregation 100G,M, -, , ,50033-00065 , , , , , , , , , , , , , , , , , , ,"3-14.4VDC to .45-5.5VDC,6A,Dig",P, -,EA,EA,0,1,No ,,,01/01/1900,12/31/2099,
DAT100          ,DarkStar Aggregation 100G,M, -, ,30001-00116-01 , , , , , , , , , , , , , , , , , , , , (CB100SAQ-01),MI,  ,EA,EA,0,1,No ,,,01/01/1900,12/31/2099,
DAT100          ,DarkStar Aggregation 100G,M, -, , ,40003-00116-01 , , , , , , , , , , , , , , , , , , ,"PCB,CB100SAQ",M, -,EA,EA,0,1,No ,,,01/01/1900,12/31/2099,
DAT100          ,DarkStar Aggregation 100G,M, -, , ,50002-00085 , , , , , , , , , , , , , , , , , , ,"2:4 CLK DRVR,LVDS,QFN16EP",P, -,EA,EA,0,1,No ,,,01/01/1900,12/31/2099,
DAT100          ,DarkStar Aggregation 100G,M, -, , ,50003-00089 , , , , , , , , , , , , , , , , , , ,"I2C EEPROM,2K,1.8-5.5V,SOIC8",P, -,EA,EA,0,1,No ,,,01/01/1900,12/31/2099,
DAT100          ,DarkStar Aggregation 100G,M, -, , ,50003-00097 , , , , , , , , , , , , , , , , , , ,"I2C EEPROM,512K,1.8-5.5V,SOIC8",P, -,EA,EA,0,1,No ,,,01/01/1900,12/31/2099,
DAT100          ,DarkStar Aggregation 100G,M, -, , ,50004-00237 , , , , , , , , , , , , , , , , , , ,"CYCLONE10,10CL040Y,U484,6",P, -,EA,EA,0,1,No ,,,01/01/1900,12/31/2099,
DAT100          ,DarkStar Aggregation 100G,M, -, , ,50004-00238 , , , , , , , , , , , , , , , , , , ,"ARTIX US+,AU20P,FFVB676,1",P, -,EA,EA,0,1,No ,,,01/01/1900,12/31/2099,
DAT100          ,DarkStar Aggregation 100G,M, -, , ,50005-00087 , , , , , , , , , , , , , , , , , , ,"3-diode temp sensor,QSOP16",P, -,EA,EA,0,1,No ,,,01/01/1900,12/31/2099,
DAT100          ,DarkStar Aggregation 100G,M, -, , ,50005-00206 , , , , , , , , , , , , , , , , , , ,"2.2-20 to 1.2-20VDC,1.5A,SOIC8",P, -,EA,EA,0,1,No ,,,01/01/1900,12/31/2099,
DAT100          ,DarkStar Aggregation 100G,M, -, , ,50005-00227 , , , , , , , , , , , , , , , , , , ,"10bit B/D Voltage XLTR,TSSOP24",P, -,EA,EA,0,1,No ,,,01/01/1900,12/31/2099,
DAT100          ,DarkStar Aggregation 100G,M, -, , ,50006-00032 , , , , , , , , , , , , , , , , , , ,"LED,VRT,GRN,6.4mcd,0603,150deg",PR, -,EA,EA,0,21,No ,,,01/01/1900,12/31/2099,
DAT100          ,DarkStar Aggregation 100G,M, -, , ,50007-00024 , , , , , , , , , , , , , , , , , , ,"TVS,12.0V,13.3V,75.3A,SMC403",P, -,EA,EA,0,1,No ,,,01/01/1900,12/31/2099,
DAT100          ,DarkStar Aggregation 100G,M, -, , ,50007-00026 , , , , , , , , , , , , , , , , , , ,"nMOSFET,25V,680mA,SOT23-3",P, -,EA,EA,0,3,No ,,,01/01/1900,12/31/2099,
DAT100          ,DarkStar Aggregation 100G,M, -, , ,50008-00043 , , , , , , , , , , , , , , , , , , ,"0.33uF,16V,X7R,0805,10%",P, -,EA,EA,0,39,No ,,,01/01/1900,12/31/2099,
DAT100          ,DarkStar Aggregation 100G,M, -, , ,50008-00048 , , , , , , , , , , , , , , , , , , ,"2200pF,16V,X7R,0201,10%",P, -,EA,EA,0,108,No ,,,01/01/1900,12/31/2099,
DAT100          ,DarkStar Aggregation 100G,M, -, , ,50008-00049 , , , , , , , , , , , , , , , , , , ,"15000pF,10V,X7R,0402,10%",P, -,EA,EA,0,18,No ,,,01/01/1900,12/31/2099,
DAT100          ,DarkStar Aggregation 100G,M, -, , ,50008-00091 , , , , , , , , , , , , , , , , , , ,"0.1uF,25V,X5R,0603,10%",P, -,EA,EA,0,8,No ,,,01/01/1900,12/31/2099,
DAT100          ,DarkStar Aggregation 100G,M, -, , ,50008-00095 , , , , , , , , , , , , , , , , , , ,"0.1uF,6.3V,X5R,0201,10%",P, -,EA,EA,0,49,No ,,,01/01/1900,12/31/2099,
DAT100          ,DarkStar Aggregation 100G,M, -, , ,50008-00098 , , , , , , , , , , , , , , , , , , ,"1.0uF,10V,X5R,0402,10%",P, -,EA,EA,0,2,No ,,,01/01/1900,12/31/2099,
DAT100          ,DarkStar Aggregation 100G,M, -, , ,50008-00102 , , , , , , , , , , , , , , , , , , ,"4.7uF,6.3V,X5R,0603,10%",P, -,EA,EA,0,12,No ,,,01/01/1900,12/31/2099,
DAT100          ,DarkStar Aggregation 100G,M, -, , ,50008-00122 , , , , , , , , , , , , , , , , , , ,"47uF,25V,X5R,1206,20%",P, -,EA,EA,0,14,No ,,,01/01/1900,12/31/2099,
DAT100          ,DarkStar Aggregation 100G,M, -, , ,50008-00124 , , , , , , , , , , , , , , , , , , ,"22UF,25V,X5R,0805,20%",P, -,EA,EA,0,72,No ,,,01/01/1900,12/31/2099,
DAT100          ,DarkStar Aggregation 100G,M, -, , ,50008-00126 , , , , , , , , , , , , , , , , , , ,"100UF,6.3V,X5R,0805,20%",P, -,EA,EA,0,21,No ,,,01/01/1900,12/31/2099,
DAT100          ,DarkStar Aggregation 100G,M, -, , ,50008-00127 , , , , , , , , , , , , , , , , , , ,"10UF,25V,X5R,0805,10%",P, -,EA,EA,0,13,No ,,,01/01/1900,12/31/2099,
DAT100          ,DarkStar Aggregation 100G,M, -, , ,50009-00133 , , , , , , , , , , , , , , , , , , ,"49.9,0.063W,1%,0402",P, -,EA,EA,0,2,No ,,,01/01/1900,12/31/2099,
DAT100          ,DarkStar Aggregation 100G,M, -, , ,50009-00138 , , , , , , , , , , , , , , , , , , ,"0,0.063W,5%,0402",P, -,EA,EA,0,9,No ,,,01/01/1900,12/31/2099,
DAT100          ,DarkStar Aggregation 100G,M, -, , ,50009-00186 , , , , , , , , , , , , , , , , , , ,"100,0.063W,1%,0402",P, -,EA,EA,0,27,No ,,,01/01/1900,12/31/2099,
DAT100          ,DarkStar Aggregation 100G,M, -, , ,50009-00206 , , , , , , , , , , , , , , , , , , ,"2K,0.063W,1%,0402",P, -,EA,EA,0,1,No ,,,01/01/1900,12/31/2099,
DAT100          ,DarkStar Aggregation 100G,M, -, , ,50009-00213 , , , , , , , , , , , , , , , , , , ,"487,0.063W,1%,0402",P, -,EA,EA,0,1,No ,,,01/01/1900,12/31/2099,
DAT100          ,DarkStar Aggregation 100G,M, -, , ,50009-00242 , , , , , , , , , , , , , , , , , , ,"4.7K,0.063W,5%,0402",P, -,EA,EA,0,102,No ,,,01/01/1900,12/31/2099,
DAT100          ,DarkStar Aggregation 100G,M, -, , ,50009-00250 , , , , , , , , , , , , , , , , , , ,"270,0.063W,5%,0402",P, -,EA,EA,0,41,No ,,,01/01/1900,12/31/2099,
DAT100          ,DarkStar Aggregation 100G,M, -, , ,50009-00266 , , , , , , , , , , , , , , , , , , ,"10K,0.063W,0.1%,0402",P, -,EA,EA,0,10,No ,,,01/01/1900,12/31/2099,
DAT100          ,DarkStar Aggregation 100G,M, -, , ,50009-00272 , , , , , , , , , , , , , , , , , , ,"1K,0.063W,0.1%,0402",P, -,EA,EA,0,5,No ,,,01/01/1900,12/31/2099,
DAT100          ,DarkStar Aggregation 100G,M, -, , ,50009-00292 , , , , , , , , , , , , , , , , , , ,"6.2K,0.063W,1%,0402",P, -,EA,EA,0,1,No ,,,01/01/1900,12/31/2099,
DAT100          ,DarkStar Aggregation 100G,M, -, , ,50009-00301 , , , , , , , , , , , , , , , , , , ,"23.7K,0.063W,1%,0402",P, -,EA,EA,0,13,No ,,,01/01/1900,12/31/2099,
DAT100          ,DarkStar Aggregation 100G,M, -, , ,50009-00309 , , , , , , , , , , , , , , , , , , ,"36.5K,0.063W,1%,0402",P, -,EA,EA,0,8,No ,,,01/01/1900,12/31/2099,
DAT100          ,DarkStar Aggregation 100G,M, -, , ,50009-00311 , , , , , , , , , , , , , , , , , , ,"200K,0.063W,5%,0402",P, -,EA,EA,0,1,No ,,,01/01/1900,12/31/2099,
DAT100          ,DarkStar Aggregation 100G,M, -, , ,50009-00315 , , , , , , , , , , , , , , , , , , ,"4.42K,0.063W,1%,0402",P, -,EA,EA,0,1,No ,,,01/01/1900,12/31/2099,
DAT100          ,DarkStar Aggregation 100G,M, -, , ,50009-00319 , , , , , , , , , , , , , , , , , , ,"1.8K,0.063W,1%,0402",P, -,EA,EA,0,1,No ,,,01/01/1900,12/31/2099,
DAT100          ,DarkStar Aggregation 100G,M, -, , ,50009-00325 , , , , , , , , , , , , , , , , , , ,"39.2K,0.063W,1%,0402",P, -,EA,EA,0,1,No ,,,01/01/1900,12/31/2099,
DAT100          ,DarkStar Aggregation 100G,M, -, , ,50010-00031 , , , , , , , , , , , , , , , , , , ,"Ind,4.7uH,0.088ohm,1.6A,4mmSQ",PR, -,EA,EA,0,19,No ,,,01/01/1900,12/31/2099,
DAT100          ,DarkStar Aggregation 100G,M, -, , ,50010-00044 , , , , , , , , , , , , , , , , , , ,"FERRITE BEAD,120 OHM,3.0A,0603",P, -,EA,EA,0,1,No ,,,01/01/1900,12/31/2099,
DAT100          ,DarkStar Aggregation 100G,M, -, , ,50013-00261 , , , , , , , , , , , , , , , , , , ,"PCB HDR,0.2"",2P,RA,TH,Sn",P, -,EA,EA,0,2,No ,,,01/01/1900,12/31/2099,
DAT100          ,DarkStar Aggregation 100G,M, -, , ,50013-00312 , , , , , , , , , , , , , , , , , , ,"PCB HDR,0.1"",1x2P,VRT,TH,30Au",P, -,EA,EA,0,1,No ,,,01/01/1900,12/31/2099,
DAT100          ,DarkStar Aggregation 100G,M, -, , ,50013-00339 , , , , , , , , , , , , , , , , , , ,"Shrd HDR,2mm,2x12,VRT,TH,30Au",P, -,EA,EA,0,2,No ,,,01/01/1900,12/31/2099,
DAT100          ,DarkStar Aggregation 100G,M, -, , ,50013-00365 , , , , , , , , , , , , , , , , , , ,"zQSFP+,0.8mm,38P,RA,SMT,30Au",PR, -,EA,EA,0,1,No ,,,01/01/1900,12/31/2099,
DAT100          ,DarkStar Aggregation 100G,M, -, , ,50013-00383 , , , , , , , , , , , , , , , , , , ,"SHRD HDR,2MM,2X25,VRT,TH,30AU",P, -,EA,EA,0,1,No ,,,01/01/1900,12/31/2099,
DAT100          ,DarkStar Aggregation 100G,M, -, , ,50017-00050 , , , , , , , , , , , , , , , , , , ,"LVDS,2.5V,250MHz,50,5x7P6",P, -,EA,EA,0,1,No ,,,01/01/1900,12/31/2099,
DAT100          ,DarkStar Aggregation 100G,M, -, , ,50017-00076 , , , , , , , , , , , , , , , , , , ,"PECL,2.5V,10-810MHz,31.5,5x7P8",P, -,EA,EA,0,2,No ,,,01/01/1900,12/31/2099,
DAT100          ,DarkStar Aggregation 100G,M, -, , ,50018-00026 , , , , , , , , , , , , , , , , , , ,"PTC Fuse,6.0A,30V,Rad10",P, -,EA,EA,0,1,No ,,,01/01/1900,12/31/2099,
DAT100          ,DarkStar Aggregation 100G,M, -, , ,50033-00062 , , , , , , , , , , , , , , , , , , ,"3-14.4 to .45-5.5VDC,20A,Dig",P, -,EA,EA,0,2,No ,,,01/01/1900,12/31/2099,
DAT100          ,DarkStar Aggregation 100G,M, -, , ,50033-00065 , , , , , , , , , , , , , , , , , , ,"3-14.4VDC to .45-5.5VDC,6A,Dig",P, -,EA,EA,0,5,No ,,,01/01/1900,12/31/2099,
DAT100          ,DarkStar Aggregation 100G,M, -, , ,50034-00023 , , , , , , , , , , , , , , , , , , ,"SFP+ 2x1 Cage,40P,2mmPFT",P, -,EA,EA,0,4,No ,,,01/01/1900,12/31/2099,
DAT100          ,DarkStar Aggregation 100G,M, -, , ,50034-00024 , , , , , , , , , , , , , , , , , , ,"QSFP28 CAGE,1X1,NET,PFT",P, -,EA,EA,0,1,No ,,,01/01/1900,12/31/2099,
DAT100          ,DarkStar Aggregation 100G,M, -, ,30004-00008-00 , , , , , , , , , , , , , , , , , , , ,"C1U FAN ASSEMBLY, HIGH SPEED",M, -,EA,EA,0,2,No ,,,01/01/1900,12/31/2099,
DAT100          ,DarkStar Aggregation 100G,M, -, , ,30001-00056-06 , , , , , , , , , , , , , , , , , , ,"PCA,C1UF,FAN",SI, -,EA,EA,0,1,No ,,,01/01/1900,12/31/2099,
DAT100          ,DarkStar Aggregation 100G,M, -, , , ,40003-00056-05 , , , , , , , , , , , , , , , , , ,"PCB,C1UF,FAN",P, -,EA,EA,1,1,No ,,,01/01/1900,12/31/2099,
DAT100          ,DarkStar Aggregation 100G,M, -, , , ,50003-00089 , , , , , , , , , , , , , , , , , ,"I2C EEPROM,2K,1.8-5.5V,SOIC8",P, -,EA,EA,2,1,No ,,,01/01/1900,12/31/2099,
DAT100          ,DarkStar Aggregation 100G,M, -, , , ,50003-00096 , , , , , , , , , , , , , , , , , ,"I2C EEPROM,256K,1.8-5.5V,SOIC8",P, -,EA,EA,3,1,No ,,,01/01/1900,12/31/2099,
DAT100          ,DarkStar Aggregation 100G,M, -, , , ,50004-00219 , , , , , , , , , , , , , , , , , ,"Actel,A3P250,FGG144,Std",P, -,EA,EA,4,1,No ,,,01/01/1900,12/31/2099,
DAT100          ,DarkStar Aggregation 100G,M, -, , , ,50005-00087 , , , , , , , , , , , , , , , , , ,"3-diode temp sensor,QSOP16",P, -,EA,EA,5,1,No ,,,01/01/1900,12/31/2099,
DAT100          ,DarkStar Aggregation 100G,M, -, , , ,50005-00206 , , , , , , , , , , , , , , , , , ,"2.2-20 to 1.2-20VDC,1.5A,SOIC8",P, -,EA,EA,6,2,No ,,,01/01/1900,12/31/2099,
DAT100          ,DarkStar Aggregation 100G,M, -, , , ,50006-00033 , , , , , , , , , , , , , , , , , ,"LED,RA,GRN,35.0mcd,0603,130deg",PR, -,EA,EA,7,2,No ,,,01/01/1900,12/31/2099,
DAT100          ,DarkStar Aggregation 100G,M, -, , , ,50006-00034 , , , , , , , , , , , , , , , , , ,"LED,RA,RED,54.0mcd,0603,130deg",PR, -,EA,EA,8,2,No ,,,01/01/1900,12/31/2099,
DAT100          ,DarkStar Aggregation 100G,M, -, , , ,50007-00024 , , , , , , , , , , , , , , , , , ,"TVS,12.0V,13.3V,75.3A,SMC403",P, -,EA,EA,9,1,No ,,,01/01/1900,12/31/2099,
DAT100          ,DarkStar Aggregation 100G,M, -, , , ,50008-00043 , , , , , , , , , , , , , , , , , ,"0.33uF,16V,X7R,0805,10%",P, -,EA,EA,10,2,No ,,,01/01/1900,12/31/2099,
DAT100          ,DarkStar Aggregation 100G,M, -, , , ,50008-00049 , , , , , , , , , , , , , , , , , ,"15000pF,10V,X7R,0402,10%",P, -,EA,EA,11,6,No ,,,01/01/1900,12/31/2099,
DAT100          ,DarkStar Aggregation 100G,M, -, , , ,50008-00091 , , , , , , , , , , , , , , , , , ,"0.1uF,25V,X5R,0603,10%",P, -,EA,EA,12,2,No ,,,01/01/1900,12/31/2099,
DAT100          ,DarkStar Aggregation 100G,M, -, , , ,50008-00122 , , , , , , , , , , , , , , , , , ,"47uF,25V,X5R,1206,20%",P, -,EA,EA,13,8,No ,,,01/01/1900,12/31/2099,
DAT100          ,DarkStar Aggregation 100G,M, -, , , ,50009-00235 , , , , , , , , , , , , , , , , , ,"255,0.063W,1%,0402",P, -,EA,EA,14,6,No ,,,01/01/1900,12/31/2099,
DAT100          ,DarkStar Aggregation 100G,M, -, , , ,50009-00241 , , , , , , , , , , , , , , , , , ,"1K,0.063W,5%,0402",P, -,EA,EA,15,3,No ,,,01/01/1900,12/31/2099,
DAT100          ,DarkStar Aggregation 100G,M, -, , , ,50009-00273 , , , , , , , , , , , , , , , , , ,"1.74K,0.063W,1%,0402",P, -,EA,EA,16,1,No ,,,01/01/1900,12/31/2099,
DAT100          ,DarkStar Aggregation 100G,M, -, , , ,50009-00286 , , , , , , , , , , , , , , , , , ,"3.3K,0.063W,1%,0402",P, -,EA,EA,17,12,No ,,,01/01/1900,12/31/2099,
DAT100          ,DarkStar Aggregation 100G,M, -, , , ,50013-00312 , , , , , , , , , , , , , , , , , ,"PCB HDR,0.1"",1x2P,VRT,TH,30Au",P, -,EA,EA,18,1,No ,,,01/01/1900,12/31/2099,
DAT100          ,DarkStar Aggregation 100G,M, -, , , ,50013-00334 , , , , , , , , , , , , , , , , , ,"Plug,0.635mm,2x26P,RA,SMT,10Au",P, -,EA,EA,19,1,No ,,,01/01/1900,12/31/2099,
DAT100          ,DarkStar Aggregation 100G,M, -, , , ,50013-00368 , , , , , , , , , , , , , , , , , ,"Shrd HDR,1.5mm,1x4P,VRT,SMT,Sn",PR, -,EA,EA,20,2,No ,,,01/01/1900,12/31/2099,
DAT100          ,DarkStar Aggregation 100G,M, -, , , ,50017-00035 , , , , , , , , , , , , , , , , , ,"CMOS,3.3V,40.0MHz,100,5x7P4",P, -,EA,EA,21,1,No ,,,01/01/1900,12/31/2099,
DAT100          ,DarkStar Aggregation 100G,M, -, , , ,50018-00032 , , , , , , , , , , , , , , , , , ,"PTC FUSE,3A,15V,2920",P, -,EA,EA,22,1,No ,,,01/01/1900,12/31/2099,
DAT100          ,DarkStar Aggregation 100G,M, -, , ,40001-00102-02 , , , , , , , , , , , , , , , , , , ,"Handle, 2-Fan Module",PI, -,EA,EA,0,1,No ,,,01/01/1900,12/31/2099,
DAT100          ,DarkStar Aggregation 100G,M, -, , ,40102-00688-01 , , , , , , , , , , , , , , , , , , ,"Bracket,Assembly,Fan,C1U",PI, -,EA,EA,0,1,No ,,,01/01/1900,12/31/2099,
DAT100          ,DarkStar Aggregation 100G,M, -, , ,50011-00009 , , , , , , , , , , , , , , , , , , ,"12V,1.3A,32CFM,PWM,40X40X28,4P",P, -,EA,EA,0,2,No ,,,01/01/1900,12/31/2099,
DAT100          ,DarkStar Aggregation 100G,M, -, , ,50013-00316 , , , , , , , , , , , , , , , , , , ,"Crimp Term,1.5mm,24-28AWG,Fem",F, -,EA,EA,0,8,No ,,,01/01/1900,12/31/2099,
DAT100          ,DarkStar Aggregation 100G,M, -, , ,50013-00369 , , , , , , , , , , , , , , , , , , ,"RCPT HSG,1.5mm,1x4,3A",F, -,EA,EA,0,2,No ,,,01/01/1900,12/31/2099,
DAT100          ,DarkStar Aggregation 100G,M, -, , ,50014-00072 , , , , , , , , , , , , , , , , , , ,"Screw,M3x35,Skt,Cap,SS",F, -,EA,EA,0,4,No ,,,01/01/1900,12/31/2099,
DAT100          ,DarkStar Aggregation 100G,M, -, , ,50014-00098 , , , , , , , , , , , , , , , , , , ,"Screw,M3x35,Phil,PH,SS",F, -,EA,EA,0,4,No ,,,01/01/1900,12/31/2099,
DAT100          ,DarkStar Aggregation 100G,M, -, , ,50014-00120 , , , , , , , , , , , , , , , , , , ,"Washer,Split,M3,SS",F, -,EA,EA,0,4,No ,,,01/01/1900,12/31/2099,
DAT100          ,DarkStar Aggregation 100G,M, -, , ,50014-00170 , , , , , , , , , , , , , , , , , , ,"SEMS,Sqcn,M3x6,Phil,PH,SS",F, -,EA,EA,0,1,No ,,,01/01/1900,12/31/2099,
DAT100          ,DarkStar Aggregation 100G,M, -, , ,50014-00200 , , , , , , , , , , , , , , , , , , ,"Washer,Retain,#4x.27x.03,Nylon",F, -,EA,EA,0,4,No ,,,01/01/1900,12/31/2099,
DAT100          ,DarkStar Aggregation 100G,M, -, , ,50016-00062 , , , , , , , , , , , , , , , , , , ,"Fan Guard,40mm,Wire",P, -,EA,EA,0,2,No ,,,01/01/1900,12/31/2099,
DAT100          ,DarkStar Aggregation 100G,M, -, , ,50023-00012 , , , , , , , , , , , , , , , , , , ,"Cable Tie,0.1x4"",18lb",F, -,EA,EA,0,1,No ,,,01/01/1900,12/31/2099,
DAT100          ,DarkStar Aggregation 100G,M, -, , ,50023-00040 , , , , , , , , , , , , , , , , , , ,"Tape,Polyimide,1/2""x36yd",F, -,FT,RL,0,0.001,No ,,,01/01/1900,12/31/2099,
DAT100          ,DarkStar Aggregation 100G,M, -, ,40001-00675-02 , , , , , , , , , , , , , , , , , , , ,"Cover,Fan Blank,C1U",PI, -,EA,EA,0,1,No ,,,01/01/1900,12/31/2099,
DAT100          ,DarkStar Aggregation 100G,M, -, ,40001-00973-01 , , , , , , , , , , , , , , , , , , , ,"PANEL,TOP,ACCESS PORT COVER",PI, -,EA,EA,0,3,No ,,,01/01/1900,12/31/2099,
DAT100          ,DarkStar Aggregation 100G,M, -, ,40005-00101-01 , , , , , , , , , , , , , , , , , , , ,"Cable Assy,Pwr,C1u/D/E-CCC,DS",PI, -,EA,EA,0,2,No ,,,01/01/1900,12/31/2099,
DAT100          ,DarkStar Aggregation 100G,M, -, , ,50012-00045 , , , , , , , , , , , , , , , , , , ,"Wire,18AWG,BLK,UL1015",F, -,FT,FT,0,1,No ,,,01/01/1900,12/31/2099,
DAT100          ,DarkStar Aggregation 100G,M, -, , ,50012-00046 , , , , , , , , , , , , , , , , , , ,"Wire,18AWG,RED,UL1015",F, -,FT,FT,0,1,No ,,,01/01/1900,12/31/2099,
DAT100          ,DarkStar Aggregation 100G,M, -, , ,50013-00264 , , , , , , , , , , , , , , , , , , ,"Plug HSG,0.2"",1x2,13A",F, -,EA,EA,0,2,No ,,,01/01/1900,12/31/2099,
DAT100          ,DarkStar Aggregation 100G,M, -, , ,50013-00310 , , , , , , , , , , , , , , , , , , ,"Crimp SKT,14-20AWG,13A,30Au",F, -,EA,EA,0,4,No ,,,01/01/1900,12/31/2099,
DAT100          ,DarkStar Aggregation 100G,M, -, ,40005-00105-01 , , , , , , , , , , , , , , , , , , , ,"Cable Assy,Sig,C1uD/P-CCC,DS",PI, A,EA,EA,0,1,No ,,,01/01/1900,12/31/2099,
DAT100          ,DarkStar Aggregation 100G,M, -, , ,50012-00051 , , , , , , , , , , , , , , , , , , ,"Cable,Flat,1.0mm,28AWG,24Cond.",F, -,FT,FT,1,1,No ,,,01/01/1900,12/31/2099,
DAT100          ,DarkStar Aggregation 100G,M, -, , ,50013-00340 , , , , , , , , , , , , , , , , , , ,"RCPT,2mm,2x12,IDC,30Au",P, -,EA,EA,2,2,No ,,,01/01/1900,12/31/2099,
DAT100          ,DarkStar Aggregation 100G,M, -, ,40005-00136-01 , , , , , , , , , , , , , , , , , , , ,"CABLE ASSY,SIG,C2UP-CCC",M, -,EA,EA,0,2,No ,,,01/01/1900,12/31/2099,
DAT100          ,DarkStar Aggregation 100G,M, -, , ,50012-00051 , , , , , , , , , , , , , , , , , , ,"Cable,Flat,1.0mm,28AWG,24Cond.",F, -,FT,FT,1,1,No ,,,01/01/1900,12/31/2099,
DAT100          ,DarkStar Aggregation 100G,M, -, , ,50013-00340 , , , , , , , , , , , , , , , , , , ,"RCPT,2mm,2x12,IDC,30Au",P, -,EA,EA,2,2,No ,,,01/01/1900,12/31/2099,
DAT100          ,DarkStar Aggregation 100G,M, -, ,40005-00158-00 , , , , , , , , , , , , , , , , , , , ,"CABLE ASSY,SIG,CMD-CB100SAQ",M, -,EA,EA,0,1,No ,,,01/01/1900,12/31/2099,
DAT100          ,DarkStar Aggregation 100G,M, -, ,40102-00974-00 , , , , , , , , , , , , , , , , , , , ,"BOTTOM HOUSING,CRPS,2U",PI, -,EA,EA,0,1,No ,,,01/01/1900,12/31/2099,
DAT100          ,DarkStar Aggregation 100G,M, -, ,40102-00984-00 , , , , , , , , , , , , , , , , , , , ,"PANEL,TOP,ACCESS PORT,2U",PI, -,EA,EA,0,1,No ,,,01/01/1900,12/31/2099,
DAT100          ,DarkStar Aggregation 100G,M, -, ,40102-01014-00 , , , , , , , , , , , , , , , , , , , ,"FRONT HSG,DAT100,2U",PI, -,EA,EA,0,1,No ,,,01/01/1900,12/31/2099,
DAT100          ,DarkStar Aggregation 100G,M, -, ,40102-01015-00 , , , , , , , , , , , , , , , , , , , ,"PLATE,TX,DAT100,2U",PI, -,EA,EA,0,1,No ,,,01/01/1900,12/31/2099,
DAT100          ,DarkStar Aggregation 100G,M, -, ,50003-00098 , , , , , , , , , , , , , , , , , , , ,"Flash card, 8GB, C10, Micro SD",P, -,EA,EA,0,2,No ,,,01/01/1900,12/31/2099,
DAT100          ,DarkStar Aggregation 100G,M, -, ,50013-00367 , , , , , , , , , , , , , , , , , , , ,"Adapter,Dual LC,Screw,w/InShut",P, -,EA,EA,0,1,No ,,,01/01/1900,12/31/2099,
DAT100          ,DarkStar Aggregation 100G,M, -, ,50014-00085 , , , , , , , , , , , , , , , , , , , ,"SEMS,Ext,M3x6,Phil,PH,SS",F, -,EA,EA,0,4,No ,,,01/01/1900,12/31/2099,
DAT100          ,DarkStar Aggregation 100G,M, -, ,50014-00170 , , , , , , , , , , , , , , , , , , , ,"SEMS,Sqcn,M3x6,Phil,PH,SS",F, -,EA,EA,0,26,No ,,,01/01/1900,12/31/2099,
DAT100          ,DarkStar Aggregation 100G,M, -, ,50014-00173 , , , , , , , , , , , , , , , , , , , ,"Screw,M3x6,Phil,FH,SS/Blk",F, -,EA,EA,0,48,No ,,,01/01/1900,12/31/2099,
DAT100          ,DarkStar Aggregation 100G,M, -, ,50014-00206 , , , , , , , , , , , , , , , , , , , ,"Screw, M2x8, Phil, PH, BO",F, -,EA,EA,0,2,No ,,,01/01/1900,12/31/2099,
DAT100          ,DarkStar Aggregation 100G,M, -, ,50016-00077 , , , , , , , , , , , , , , , , , , , ,"HSink,BGA,29x29x14.5mm,w/T",P, -,EA,EA,0,1,No ,,,01/01/1900,12/31/2099,
DAT100          ,DarkStar Aggregation 100G,M, -, ,50016-00080 , , , , , , , , , , , , , , , , , , , ,"HSink,BGA,25x25x14.5mm,w/T",P, -,EA,EA,0,1,No ,,,01/01/1900,12/31/2099,
DAT100          ,DarkStar Aggregation 100G,M, -, ,50037-00001 , , , , , , , , , , , , , , , , , , , ,OSC Filter 1510nm,PI, -,EA,EA,0,2,No ,,,01/01/1900,12/31/2099,
DAT100          ,DarkStar Aggregation 100G,M, -, ,50105-00123 , , , , , , , , , , , , , , , , , , , ,"Label,Small Laser Warning,.375",F, -,EA,EA,0,1,No ,,,01/01/1900,12/31/2099,
DAT100          ,DarkStar Aggregation 100G,M, -,20005-00003-03 , , , , , , , , , , , , , , , , , , , , ,"DS Accessory Kit, 1U",X,  ,EA,EA,0,1,Yes,ACC-00003-03-0  ,898989.8989,01/01/1900,12/31/2099,
DAT100          ,DarkStar Aggregation 100G,M, -, ,40005-00079 , , , , , , , , , , , , , , , , , , , ,"Cable, USB-RJ45",P, -,EA,EA,0,1,No ,,,01/01/1900,12/31/2099,
DAT100          ,DarkStar Aggregation 100G,M, -, ,50035-00011 , , , , , , , , , , , , , , , , , , , ,"Optical Cleaner, In-Field Use",F, -,EA,EA,0,2,No ,,,01/01/1900,12/31/2099,
DAT100          ,DarkStar Aggregation 100G,M, -, ,50104-00011-02 , , , , , , , , , , , , , , , , , , , ,"SHIPPING BOX, DARKSTAR, 1U",PI, -,ST,ST,0,1,No ,,,01/01/1900,12/31/2099,
DAT100          ,DarkStar Aggregation 100G,M, -, ,50104-00015 , , , , , , , , , , , , , , , , , , , ,"Box,Access. 11.125x8.75x1.25""",P, -,EA,EA,0,2,No ,,,01/01/1900,12/31/2099,
DAT100          ,DarkStar Aggregation 100G,M, -, ,50104-00017 , , , , , , , , , , , , , , , , , , , ,"Box, Transceiver Shipping",P, -,EA,EA,0,6,No ,,,01/01/1900,12/31/2099,
DAT100          ,DarkStar Aggregation 100G,M, -, ,50104-00018 , , , , , , , , , , , , , , , , , , , ,"2X7""OPEN END STATIC SHIELD BAG",P, -,EA,EA,0,12,No ,,,01/01/1900,12/31/2099,
DAT100          ,DarkStar Aggregation 100G,M, -, ,50104-00019 , , , , , , , , , , , , , , , , , , , ,"3X5"" 2 MIL RECLOSABLE BAGS",P, -,EA,EA,0,1,No ,,,01/01/1900,12/31/2099,
DAT100          ,DarkStar Aggregation 100G,M, -, ,50104-00020 , , , , , , , , , , , , , , , , , , , ,"4X6"" 2 MIL RECLOSABLE BAGS",P, -,EA,EA,0,1,No ,,,01/01/1900,12/31/2099,
DAT100          ,DarkStar Aggregation 100G,M, -, ,50104-00021 , , , , , , , , , , , , , , , , , , , ,"8X10"" 2 MIL RECLOSABLE BAGS",P, -,EA,EA,0,12,No ,,,01/01/1900,12/31/2099,
DAT100          ,DarkStar Aggregation 100G,M, -,20005-00007-00 , , , , , , , , , , , , , , , , , , , , ,"DS Accessory Kit, 2U",X, -,EA,EA,0,1,Yes,ACC-00007-00-0  ,898989.8989,01/01/1900,12/31/2099,
DAT100          ,DarkStar Aggregation 100G,M, -, ,40005-00079 , , , , , , , , , , , , , , , , , , , ,"Cable, USB-RJ45",P, -,EA,EA,0,1,No ,,,01/01/1900,12/31/2099,
DAT100          ,DarkStar Aggregation 100G,M, -, ,50035-00011 , , , , , , , , , , , , , , , , , , , ,"Optical Cleaner, In-Field Use",F, -,EA,EA,0,2,No ,,,01/01/1900,12/31/2099,
DAT100          ,DarkStar Aggregation 100G,M, -, ,50104-00015 , , , , , , , , , , , , , , , , , , , ,"Box,Access. 11.125x8.75x1.25""",P, -,EA,EA,0,2,No ,,,01/01/1900,12/31/2099,
DAT100          ,DarkStar Aggregation 100G,M, -, ,50104-00016-00 , , , , , , , , , , , , , , , , , , , ,"Shipping Box, DARKSTAR, 2U",PI, -,EA,EA,0,1,No ,,,01/01/1900,12/31/2099,
DAT100          ,DarkStar Aggregation 100G,M, -, ,50104-00017 , , , , , , , , , , , , , , , , , , , ,"Box, Transceiver Shipping",P, -,EA,EA,0,6,No ,,,01/01/1900,12/31/2099,
DAT100          ,DarkStar Aggregation 100G,M, -, ,50104-00018 , , , , , , , , , , , , , , , , , , , ,"2X7""OPEN END STATIC SHIELD BAG",P, -,EA,EA,0,12,No ,,,01/01/1900,12/31/2099,
DAT100          ,DarkStar Aggregation 100G,M, -, ,50104-00019 , , , , , , , , , , , , , , , , , , , ,"3X5"" 2 MIL RECLOSABLE BAGS",P, -,EA,EA,0,1,No ,,,01/01/1900,12/31/2099,
DAT100          ,DarkStar Aggregation 100G,M, -, ,50104-00020 , , , , , , , , , , , , , , , , , , , ,"4X6"" 2 MIL RECLOSABLE BAGS",P, -,EA,EA,0,1,No ,,,01/01/1900,12/31/2099,
DAT100          ,DarkStar Aggregation 100G,M, -, ,50104-00021 , , , , , , , , , , , , , , , , , , , ,"8X10"" 2 MIL RECLOSABLE BAGS",P, -,EA,EA,0,12,No ,,,01/01/1900,12/31/2099,
DAT100          ,DarkStar Aggregation 100G,M, -,50033-00072 , , , , , , , , , , , , , , , , , , , , ,1u AC-DC FE CRPS 550W 12V,PI, -,EA,EA,0,1,Yes,PWR-00072-00-0  ,898989.8989,01/01/1900,12/31/2099,
DAT100          ,DarkStar Aggregation 100G,M, -, ,40005-00078 , , , , , , , , , , , , , , , , , , , ,"Power Cord,125V,10Amp,SVT,2M",P, -,EA,EA,0,1,Yes,PWR-00078-00-0  ,898989.8989,01/01/1900,12/31/2099,
DAT100          ,DarkStar Aggregation 100G,M, -, ,40005-00155 , , , , , , , , , , , , , , , , , , , ,"Power Cord,250V,10A,2M,UK",P, -,EA,EA,0,1,Yes,PWR-00155-00-0  ,898989.8989,01/01/1900,12/31/2099,
DAT100          ,DarkStar Aggregation 100G,M, -,50033-00075 , , , , , , , , , , , , , , , , , , , , ,1u DC-DC FE CRPS 800W 12V,PI, -,EA,EA,0,1,Yes,PWR-00075-00-0  ,898989.8989,01/01/1900,12/31/2099,
DAT100          ,DarkStar Aggregation 100G,M, -,50036-00203 , , , , , , , , , , , , , , , , , , , , ,SFP+ CLIENT 300m 850nm,P, -,EA,EA,0,1,Yes,TRX-00203-00-0  ,898989.8989,01/01/1900,12/31/2099,
DAT100          ,DarkStar Aggregation 100G,M, -,50036-00204 , , , , , , , , , , , , , , , , , , , , ,SFP+ CLIENT 10km 1310nm,P, -,EA,EA,0,1,Yes,TRX-00204-00-0  ,898989.8989,01/01/1900,12/31/2099,
DAT100          ,DarkStar Aggregation 100G,M, -,50036-00302 , , , , , , , , , , , , , , , , , , , , ,SFP OSC >42dB 1510nm OC-3,PI, -,EA,EA,0,1,Yes,TRX-00302-00-0  ,898989.8989,01/01/1900,12/31/2099,
DAT100          ,DarkStar Aggregation 100G,M, -,50036-00303 , , , , , , , , , , , , , , , , , , , , ,"SFP,OC3,LR-2/L-1.2,32dB,1511nm",PI, -,EA,EA,0,1,Yes,TRX-00303-00-0  ,898989.8989,01/01/1900,12/31/2099,
DAT100          ,DarkStar Aggregation 100G,M, -,50036-00304 , , , , , , , , , , , , , , , , , , , , ,"SFP+OTDR,100MBPS,32dB,1511nm",PI, -,EA,EA,0,1,Yes,TRX-00304-00-0  ,898989.8989,01/01/1900,12/31/2099,
DAT100          ,DarkStar Aggregation 100G,M, -,50036-00803 , , , , , , , , , , , , , , , , , , , , ,"QSFP28,100G,LR4,10km,1310,LC",PI, -,EA,EA,0,1,Yes,TRX-00803-00-0  ,898989.8989,01/01/1900,12/31/2099,
DAT100          ,DarkStar Aggregation 100G,M, -,50036-00810 , , , , , , , , , , , , , , , , , , , , ,"QSFP28,100G,LR1,10KM,1310,LC",P, -,EA,EA,0,1,Yes,TRX-00810-00-0  ,898989.8989,01/01/1900,12/31/2099,
DAT100          ,DarkStar Aggregation 100G,M, -,50036-00811 , , , , , , , , , , , , , , , , , , , , ,"QSFP28,100G ZR,Coherent,LC",PI, -,EA,EA,0,1,Yes,TRX-00811-00-0  ,898989.8989,01/01/1900,12/31/2099,
DAT100          ,DarkStar Aggregation 100G,M, -,ACC-00001-00-0 , , , , , , , , , , , , , , , , , , , , ,1U Rail Kits,X, -,EA,EA,0,1,Yes,ACC-00001-00-0  ,898989.8989,3/31/2025,12/31/2099,
DAT100          ,DarkStar Aggregation 100G,M, -, ,20005-00107-02 , , , , , , , , , , , , , , , , , , , ,"RAIL ASSEMBLY,4 POST,19IN,1U",X, -,EA,EA,0,1,Yes,ACC-00107-02-0  ,898989.8989,01/01/1900,12/31/2099,
DAT100          ,DarkStar Aggregation 100G,M, -, , ,40001-00695-03 , , , , , , , , , , , , , , , , , , ,"Bracket,Rail,Slide,Left",P, -,EA,EA,0,1,No ,,,01/01/1900,12/31/2099,
DAT100          ,DarkStar Aggregation 100G,M, -, , ,40001-00711-03 , , , , , , , , , , , , , , , , , , ,"Bracket, Rail, Slide, Right",PI, -,EA,EA,0,1,No ,,,01/01/1900,12/31/2099,
DAT100          ,DarkStar Aggregation 100G,M, -, , ,40001-00955-00 , , , , , , , , , , , , , , , , , , ,"BRACKET, LOCKDOWN",PI, -,EA,EA,0,2,No ,,,01/01/1900,12/31/2099,
DAT100          ,DarkStar Aggregation 100G,M, -, , ,50014-00085 , , , , , , , , , , , , , , , , , , ,"SEMS,Ext,M3x6,Phil,PH,SS",F, -,EA,EA,0,4,No ,,,01/01/1900,12/31/2099,
DAT100          ,DarkStar Aggregation 100G,M, -, , ,50014-00090 , , , , , , , , , , , , , , , , , , ,"Screw,M4x8,Phil,WH,SS",F, -,EA,EA,0,4,No ,,,01/01/1900,12/31/2099,
DAT100          ,DarkStar Aggregation 100G,M, -, , ,50016-00061 , , , , , , , , , , , , , , , , , , ,"SLIDE RAIL,LP Modified ""24""",M, -,PR,PR,0,1,No ,,,01/01/1900,12/31/2099,
DAT100          ,DarkStar Aggregation 100G,M, -, , , ,50016-00078 , , , , , , , , , , , , , , , , , ,"SLIDE RAIL,LP Accuride ""24""",P, -,PR,PR,1,1,No ,,,01/01/1900,12/31/2099,
DAT100          ,DarkStar Aggregation 100G,M, -, ,20005-00109-00 , , , , , , , , , , , , , , , , , , , ,"RAIL ASSY,2 POST,23IN WECO,1U",X, -,EA,EA,0,1,Yes,ACC-00109-00-0  ,898989.8989,01/01/1900,12/31/2099,
DAT100          ,DarkStar Aggregation 100G,M, -, , ,40001-00673-01 , , , , , , , , , , , , , , , , , , ,"Bracket,Lockdown",PO, -,EA,EA,0,2,No ,,,01/01/1900,12/31/2099,
DAT100          ,DarkStar Aggregation 100G,M, -, , ,40001-01007-00 , , , , , , , , , , , , , , , , , , ,"RACK ADAPTER,23WECO-19EIA,1U",PI, -,EA,EA,0,4,No ,,,01/01/1900,12/31/2099,
DAT100          ,DarkStar Aggregation 100G,M, -, , ,40001-01009-00 , , , , , , , , , , , , , , , , , , ,"BRACKET,RAIL,SLIDE,LEFT,6.75",PI, -,EA,EA,0,1,No ,,,01/01/1900,12/31/2099,
DAT100          ,DarkStar Aggregation 100G,M, -, , ,40001-01010-00 , , , , , , , , , , , , , , , , , , ,"BRACKET,RAIL,SLIDE,RIGHT,6.75",PI, -,EA,EA,0,1,No ,,,01/01/1900,12/31/2099,
DAT100          ,DarkStar Aggregation 100G,M, -, , ,40001-01011-01 , , , , , , , , , , , , , , , , , , ,"BRACKET,EXT,EIA,10.26"",1U",PI, -,EA,EA,0,4,No ,,,01/01/1900,12/31/2099,
DAT100          ,DarkStar Aggregation 100G,M, -, , ,50014-00085 , , , , , , , , , , , , , , , , , , ,"SEMS,Ext,M3x6,Phil,PH,SS",F, -,EA,EA,0,4,No ,,,01/01/1900,12/31/2099,
DAT100          ,DarkStar Aggregation 100G,M, -, , ,50014-00090 , , , , , , , , , , , , , , , , , , ,"Screw,M4x8,Phil,WH,SS",F, -,EA,EA,0,4,No ,,,01/01/1900,12/31/2099,
DAT100          ,DarkStar Aggregation 100G,M, -, , ,50014-00222 , , , , , , , , , , , , , , , , , , ,"SCREW,12-24x50,PHIL,PH,BO",F, -,EA,EA,0,18,No ,,,01/01/1900,12/31/2099,
DAT100          ,DarkStar Aggregation 100G,M, -, , ,50014-00223 , , , , , , , , , , , , , , , , , , ,"CAGE NUT,12-24,ZINC",P, -,EA,EA,0,12,No ,,,01/01/1900,12/31/2099,
DAT100          ,DarkStar Aggregation 100G,M, -, , ,50016-00061 , , , , , , , , , , , , , , , , , , ,"SLIDE RAIL,LP Modified ""24""",M, -,PR,PR,0,2,No ,,,01/01/1900,12/31/2099,
DAT100          ,DarkStar Aggregation 100G,M, -, , , ,50016-00078 , , , , , , , , , , , , , , , , , ,"SLIDE RAIL,LP Accuride ""24""",P, -,PR,PR,1,1,No ,,,01/01/1900,12/31/2099,
DAT100          ,DarkStar Aggregation 100G,M, -, ,20005-00111-00 , , , , , , , , , , , , , , , , , , , ,"RAIL ASSY,2P,19in/3in,EIA,1U",X, -,EA,EA,0,1,Yes,ACC-00111-00-0  ,898989.8989,01/01/1900,12/31/2099,
DAT100          ,DarkStar Aggregation 100G,M, -, , ,40001-00695-03 , , , , , , , , , , , , , , , , , , ,"Bracket,Rail,Slide,Left",P, -,EA,EA,0,1,No ,,,01/01/1900,12/31/2099,
DAT100          ,DarkStar Aggregation 100G,M, -, , ,40001-00711-03 , , , , , , , , , , , , , , , , , , ,"Bracket, Rail, Slide, Right",PI, -,EA,EA,0,1,No ,,,01/01/1900,12/31/2099,
DAT100          ,DarkStar Aggregation 100G,M, -, , ,40001-00955-00 , , , , , , , , , , , , , , , , , , ,"BRACKET, LOCKDOWN",PI, -,EA,EA,0,2,No ,,,01/01/1900,12/31/2099,
DAT100          ,DarkStar Aggregation 100G,M, -, , ,40001-01016-00 , , , , , , , , , , , , , , , , , , ,"BRACKET,EXT,EIA,12.0"",1U",PI, -,EA,EA,0,4,No ,,,01/01/1900,12/31/2099,
DAT100          ,DarkStar Aggregation 100G,M, -, , ,50014-00085 , , , , , , , , , , , , , , , , , , ,"SEMS,Ext,M3x6,Phil,PH,SS",F, -,EA,EA,0,4,No ,,,01/01/1900,12/31/2099,
DAT100          ,DarkStar Aggregation 100G,M, -, , ,50014-00090 , , , , , , , , , , , , , , , , , , ,"Screw,M4x8,Phil,WH,SS",F, -,EA,EA,0,4,No ,,,01/01/1900,12/31/2099,
DAT100          ,DarkStar Aggregation 100G,M, -, , ,50014-00222 , , , , , , , , , , , , , , , , , , ,"SCREW,12-24x50,PHIL,PH,BO",F, -,EA,EA,0,10,No ,,,01/01/1900,12/31/2099,
DAT100          ,DarkStar Aggregation 100G,M, -, , ,50014-00223 , , , , , , , , , , , , , , , , , , ,"CAGE NUT,12-24,ZINC",P, -,EA,EA,0,12,No ,,,01/01/1900,12/31/2099,
DAT100          ,DarkStar Aggregation 100G,M, -, , ,50016-00061 , , , , , , , , , , , , , , , , , , ,"SLIDE RAIL,LP Modified ""24""",M, -,PR,PR,0,2,No ,,,01/01/1900,12/31/2099,
DAT100          ,DarkStar Aggregation 100G,M, -, , , ,50016-00078 , , , , , , , , , , , , , , , , , ,"SLIDE RAIL,LP Accuride ""24""",P, -,PR,PR,1,1,No ,,,01/01/1900,12/31/2099,
DAT100          ,DarkStar Aggregation 100G,M, -, ,20005-00113-00 , , , , , , , , , , , , , , , , , , , ,"RAIL ASSY,2P,23in/3in,EIA,1U",X, -,EA,EA,0,1,Yes,ACC-00113-00-0  ,898989.8989,01/01/1900,12/31/2099,
DAT100          ,DarkStar Aggregation 100G,M, -, , ,40001-00695-03 , , , , , , , , , , , , , , , , , , ,"Bracket,Rail,Slide,Left",P, -,EA,EA,0,1,No ,,,01/01/1900,12/31/2099,
DAT100          ,DarkStar Aggregation 100G,M, -, , ,40001-00711-03 , , , , , , , , , , , , , , , , , , ,"Bracket, Rail, Slide, Right",PI, -,EA,EA,0,1,No ,,,01/01/1900,12/31/2099,
DAT100          ,DarkStar Aggregation 100G,M, -, , ,40001-00955-00 , , , , , , , , , , , , , , , , , , ,"BRACKET, LOCKDOWN",PI, -,EA,EA,0,2,No ,,,01/01/1900,12/31/2099,
DAT100          ,DarkStar Aggregation 100G,M, -, , ,40001-01008-00 , , , , , , , , , , , , , , , , , , ,"RACK ADAPTER,23EIA-19EIA,1U",PI, -,EA,EA,0,4,No ,,,01/01/1900,12/31/2099,
DAT100          ,DarkStar Aggregation 100G,M, -, , ,40001-01016-00 , , , , , , , , , , , , , , , , , , ,"BRACKET,EXT,EIA,12.0"",1U",PI, -,EA,EA,0,4,No ,,,01/01/1900,12/31/2099,
DAT100          ,DarkStar Aggregation 100G,M, -, , ,50014-00085 , , , , , , , , , , , , , , , , , , ,"SEMS,Ext,M3x6,Phil,PH,SS",F, -,EA,EA,0,4,No ,,,01/01/1900,12/31/2099,
DAT100          ,DarkStar Aggregation 100G,M, -, , ,50014-00090 , , , , , , , , , , , , , , , , , , ,"Screw,M4x8,Phil,WH,SS",F, -,EA,EA,0,4,No ,,,01/01/1900,12/31/2099,
DAT100          ,DarkStar Aggregation 100G,M, -, , ,50014-00222 , , , , , , , , , , , , , , , , , , ,"SCREW,12-24x50,PHIL,PH,BO",F, -,EA,EA,0,18,No ,,,01/01/1900,12/31/2099,
DAT100          ,DarkStar Aggregation 100G,M, -, , ,50014-00223 , , , , , , , , , , , , , , , , , , ,"CAGE NUT,12-24,ZINC",P, -,EA,EA,0,12,No ,,,01/01/1900,12/31/2099,
DAT100          ,DarkStar Aggregation 100G,M, -, , ,50016-00061 , , , , , , , , , , , , , , , , , , ,"SLIDE RAIL,LP Modified ""24""",M, -,PR,PR,0,2,No ,,,01/01/1900,12/31/2099,
DAT100          ,DarkStar Aggregation 100G,M, -, , , ,50016-00078 , , , , , , , , , , , , , , , , , ,"SLIDE RAIL,LP Accuride ""24""",P, -,PR,PR,1,1,No ,,,01/01/1900,12/31/2099,
DAT100          ,DarkStar Aggregation 100G,M, -, ,20005-00115-00 , , , , , , , , , , , , , , , , , , , ,"RAIL ASSY,2P,19in/6in,EIA,1U",X, -,EA,EA,0,1,Yes,ACC-00115-00-0  ,898989.8989,01/01/1900,12/31/2099,
DAT100          ,DarkStar Aggregation 100G,M, -, , ,40001-00955-00 , , , , , , , , , , , , , , , , , , ,"BRACKET, LOCKDOWN",PI, -,EA,EA,0,2,No ,,,01/01/1900,12/31/2099,
DAT100          ,DarkStar Aggregation 100G,M, -, , ,40001-01009-00 , , , , , , , , , , , , , , , , , , ,"BRACKET,RAIL,SLIDE,LEFT,6.75",PI, -,EA,EA,0,1,No ,,,01/01/1900,12/31/2099,
DAT100          ,DarkStar Aggregation 100G,M, -, , ,40001-01010-00 , , , , , , , , , , , , , , , , , , ,"BRACKET,RAIL,SLIDE,RIGHT,6.75",PI, -,EA,EA,0,1,No ,,,01/01/1900,12/31/2099,
DAT100          ,DarkStar Aggregation 100G,M, -, , ,40001-01011-01 , , , , , , , , , , , , , , , , , , ,"BRACKET,EXT,EIA,10.26"",1U",PI, -,EA,EA,0,4,No ,,,01/01/1900,12/31/2099,
DAT100          ,DarkStar Aggregation 100G,M, -, , ,50014-00085 , , , , , , , , , , , , , , , , , , ,"SEMS,Ext,M3x6,Phil,PH,SS",F, -,EA,EA,0,4,No ,,,01/01/1900,12/31/2099,
DAT100          ,DarkStar Aggregation 100G,M, -, , ,50014-00090 , , , , , , , , , , , , , , , , , , ,"Screw,M4x8,Phil,WH,SS",F, -,EA,EA,0,4,No ,,,01/01/1900,12/31/2099,
DAT100          ,DarkStar Aggregation 100G,M, -, , ,50014-00222 , , , , , , , , , , , , , , , , , , ,"SCREW,12-24x50,PHIL,PH,BO",F, -,EA,EA,0,10,No ,,,01/01/1900,12/31/2099,
DAT100          ,DarkStar Aggregation 100G,M, -, , ,50014-00223 , , , , , , , , , , , , , , , , , , ,"CAGE NUT,12-24,ZINC",P, -,EA,EA,0,12,No ,,,01/01/1900,12/31/2099,
DAT100          ,DarkStar Aggregation 100G,M, -, , ,50016-00061 , , , , , , , , , , , , , , , , , , ,"SLIDE RAIL,LP Modified ""24""",M, -,PR,PR,0,2,No ,,,01/01/1900,12/31/2099,
DAT100          ,DarkStar Aggregation 100G,M, -, , , ,50016-00078 , , , , , , , , , , , , , , , , , ,"SLIDE RAIL,LP Accuride ""24""",P, -,PR,PR,1,1,No ,,,01/01/1900,12/31/2099,
DAT100          ,DarkStar Aggregation 100G,M, -, ,20005-00117-00 , , , , , , , , , , , , , , , , , , , ,"RAIL ASSY,2P,23in/6in,EIA,1U",X, -,EA,EA,0,1,Yes,ACC-00117-00-0  ,898989.8989,01/01/1900,12/31/2099,
DAT100          ,DarkStar Aggregation 100G,M, -, , ,40001-00955-00 , , , , , , , , , , , , , , , , , , ,"BRACKET, LOCKDOWN",PI, -,EA,EA,0,2,No ,,,01/01/1900,12/31/2099,
DAT100          ,DarkStar Aggregation 100G,M, -, , ,40001-01008-00 , , , , , , , , , , , , , , , , , , ,"RACK ADAPTER,23EIA-19EIA,1U",PI, -,EA,EA,0,4,No ,,,01/01/1900,12/31/2099,
DAT100          ,DarkStar Aggregation 100G,M, -, , ,40001-01009-00 , , , , , , , , , , , , , , , , , , ,"BRACKET,RAIL,SLIDE,LEFT,6.75",PI, -,EA,EA,0,1,No ,,,01/01/1900,12/31/2099,
DAT100          ,DarkStar Aggregation 100G,M, -, , ,40001-01010-00 , , , , , , , , , , , , , , , , , , ,"BRACKET,RAIL,SLIDE,RIGHT,6.75",PI, -,EA,EA,0,1,No ,,,01/01/1900,12/31/2099,
DAT100          ,DarkStar Aggregation 100G,M, -, , ,40001-01011-01 , , , , , , , , , , , , , , , , , , ,"BRACKET,EXT,EIA,10.26"",1U",PI, -,EA,EA,0,4,No ,,,01/01/1900,12/31/2099,
DAT100          ,DarkStar Aggregation 100G,M, -, , ,50014-00085 , , , , , , , , , , , , , , , , , , ,"SEMS,Ext,M3x6,Phil,PH,SS",F, -,EA,EA,0,4,No ,,,01/01/1900,12/31/2099,
DAT100          ,DarkStar Aggregation 100G,M, -, , ,50014-00090 , , , , , , , , , , , , , , , , , , ,"Screw,M4x8,Phil,WH,SS",F, -,EA,EA,0,4,No ,,,01/01/1900,12/31/2099,
DAT100          ,DarkStar Aggregation 100G,M, -, , ,50014-00222 , , , , , , , , , , , , , , , , , , ,"SCREW,12-24x50,PHIL,PH,BO",F, -,EA,EA,0,18,No ,,,01/01/1900,12/31/2099,
DAT100          ,DarkStar Aggregation 100G,M, -, , ,50014-00223 , , , , , , , , , , , , , , , , , , ,"CAGE NUT,12-24,ZINC",P, -,EA,EA,0,12,No ,,,01/01/1900,12/31/2099,
DAT100          ,DarkStar Aggregation 100G,M, -, , ,50016-00061 , , , , , , , , , , , , , , , , , , ,"SLIDE RAIL,LP Modified ""24""",M, -,PR,PR,0,2,No ,,,01/01/1900,12/31/2099,
DAT100          ,DarkStar Aggregation 100G,M, -, , , ,50016-00078 , , , , , , , , , , , , , , , , , ,"SLIDE RAIL,LP Accuride ""24""",P, -,PR,PR,1,1,No ,,,01/01/1900,12/31/2099,
DAT100          ,DarkStar Aggregation 100G,M, -,ACC-00002-00-0 , , , , , , , , , , , , , , , , , , , , ,2U Rail Kits,X, -,EA,EA,0,1,Yes,ACC-00002-00-0  ,898989.8989,3/31/2025,12/31/2099,
DAT100          ,DarkStar Aggregation 100G,M, -, ,20005-00106-02 , , , , , , , , , , , , , , , , , , , ,"RAIL ASSEMBLY,4 POST,19IN,2U",X, -,EA,EA,0,1,Yes,ACC-00106-02-0  ,898989.8989,01/01/1900,12/31/2099,
DAT100          ,DarkStar Aggregation 100G,M, -, , ,40001-00673-01 , , , , , , , , , , , , , , , , , , ,"Bracket,Lockdown",PO, -,EA,EA,0,2,No ,,,01/01/1900,12/31/2099,
DAT100          ,DarkStar Aggregation 100G,M, -, , ,40001-00695-03 , , , , , , , , , , , , , , , , , , ,"Bracket,Rail,Slide,Left",P, -,EA,EA,0,1,No ,,,01/01/1900,12/31/2099,
DAT100          ,DarkStar Aggregation 100G,M, -, , ,40001-00711-03 , , , , , , , , , , , , , , , , , , ,"Bracket, Rail, Slide, Right",PI, -,EA,EA,0,1,No ,,,01/01/1900,12/31/2099,
DAT100          ,DarkStar Aggregation 100G,M, -, , ,50014-00085 , , , , , , , , , , , , , , , , , , ,"SEMS,Ext,M3x6,Phil,PH,SS",F, -,EA,EA,0,4,No ,,,01/01/1900,12/31/2099,
DAT100          ,DarkStar Aggregation 100G,M, -, , ,50014-00090 , , , , , , , , , , , , , , , , , , ,"Screw,M4x8,Phil,WH,SS",F, -,EA,EA,0,2,No ,,,01/01/1900,12/31/2099,
DAT100          ,DarkStar Aggregation 100G,M, -, , ,50016-00074 , , , , , , , , , , , , , , , , , , ,"SLIDE RAIL,LP Modified ""16""",M, -,EA,EA,0,1,No ,,,01/01/1900,12/31/2099,
DAT100          ,DarkStar Aggregation 100G,M, -, , , ,50016-00079 , , , , , , , , , , , , , , , , , ,"SLIDE RAIL,LP Accuride ""16""",P, -,PR,PR,1,1,No ,,,01/01/1900,12/31/2099,
DAT100          ,DarkStar Aggregation 100G,M, -, ,20005-00110-00 , , , , , , , , , , , , , , , , , , , ,"RAIL ASSY,2P,23in,WECO,2U",X, -,EA,EA,0,1,Yes,ACC-00110-00-0  ,898989.8989,01/01/1900,12/31/2099,
DAT100          ,DarkStar Aggregation 100G,M, -, , ,40001-00673-01 , , , , , , , , , , , , , , , , , , ,"Bracket,Lockdown",PO, -,EA,EA,0,2,No ,,,01/01/1900,12/31/2099,
DAT100          ,DarkStar Aggregation 100G,M, -, , ,40001-01007-00 , , , , , , , , , , , , , , , , , , ,"RACK ADAPTER,23WECO-19EIA,1U",PI, -,EA,EA,0,4,No ,,,01/01/1900,12/31/2099,
DAT100          ,DarkStar Aggregation 100G,M, -, , ,40001-01017-00 , , , , , , , , , , , , , , , , , , ,"BRACKET,EXT,EIA,5.7"",1U",PI, -,EA,EA,0,4,No ,,,01/01/1900,12/31/2099,
DAT100          ,DarkStar Aggregation 100G,M, -, , ,40001-01019-00 , , , , , , , , , , , , , , , , , , ,"BRACKET,RAIL,SLIDE,LEFT,5.5",PI, -,EA,EA,0,1,No ,,,01/01/1900,12/31/2099,
DAT100          ,DarkStar Aggregation 100G,M, -, , ,40001-01020-00 , , , , , , , , , , , , , , , , , , ,"BRACKET,RAIL,SLIDE,RIGHT,5.5",PI, -,EA,EA,0,1,No ,,,01/01/1900,12/31/2099,
DAT100          ,DarkStar Aggregation 100G,M, -, , ,50014-00085 , , , , , , , , , , , , , , , , , , ,"SEMS,Ext,M3x6,Phil,PH,SS",F, -,EA,EA,0,4,No ,,,01/01/1900,12/31/2099,
DAT100          ,DarkStar Aggregation 100G,M, -, , ,50014-00090 , , , , , , , , , , , , , , , , , , ,"Screw,M4x8,Phil,WH,SS",F, -,EA,EA,0,2,No ,,,01/01/1900,12/31/2099,
DAT100          ,DarkStar Aggregation 100G,M, -, , ,50014-00222 , , , , , , , , , , , , , , , , , , ,"SCREW,12-24x50,PHIL,PH,BO",F, -,EA,EA,0,18,No ,,,01/01/1900,12/31/2099,
DAT100          ,DarkStar Aggregation 100G,M, -, , ,50014-00223 , , , , , , , , , , , , , , , , , , ,"CAGE NUT,12-24,ZINC",P, -,EA,EA,0,12,No ,,,01/01/1900,12/31/2099,
DAT100          ,DarkStar Aggregation 100G,M, -, , ,50016-00074 , , , , , , , , , , , , , , , , , , ,"SLIDE RAIL,LP Modified ""16""",M, -,EA,EA,0,2,No ,,,01/01/1900,12/31/2099,
DAT100          ,DarkStar Aggregation 100G,M, -, , , ,50016-00079 , , , , , , , , , , , , , , , , , ,"SLIDE RAIL,LP Accuride ""16""",P, -,PR,PR,1,1,No ,,,01/01/1900,12/31/2099,
DAT100          ,DarkStar Aggregation 100G,M, -, ,20005-00112-00 , , , , , , , , , , , , , , , , , , , ,"RAIL ASSY,2P,19in/3in,EIA,2U",X, -,EA,EA,0,1,Yes,ACC-00112-00-0  ,898989.8989,01/01/1900,12/31/2099,
DAT100          ,DarkStar Aggregation 100G,M, -, , ,40001-00673-01 , , , , , , , , , , , , , , , , , , ,"Bracket,Lockdown",PO, -,EA,EA,0,2,No ,,,01/01/1900,12/31/2099,
DAT100          ,DarkStar Aggregation 100G,M, -, , ,40001-01009-00 , , , , , , , , , , , , , , , , , , ,"BRACKET,RAIL,SLIDE,LEFT,6.75",PI, -,EA,EA,0,1,No ,,,01/01/1900,12/31/2099,
DAT100          ,DarkStar Aggregation 100G,M, -, , ,40001-01010-00 , , , , , , , , , , , , , , , , , , ,"BRACKET,RAIL,SLIDE,RIGHT,6.75",PI, -,EA,EA,0,1,No ,,,01/01/1900,12/31/2099,
DAT100          ,DarkStar Aggregation 100G,M, -, , ,40001-01018-00 , , , , , , , , , , , , , , , , , , ,"BRACKET,EXT,EIA,7.2"",1U",PI, -,EA,EA,0,4,No ,,,01/01/1900,12/31/2099,
DAT100          ,DarkStar Aggregation 100G,M, -, , ,50014-00085 , , , , , , , , , , , , , , , , , , ,"SEMS,Ext,M3x6,Phil,PH,SS",F, -,EA,EA,0,4,No ,,,01/01/1900,12/31/2099,
DAT100          ,DarkStar Aggregation 100G,M, -, , ,50014-00090 , , , , , , , , , , , , , , , , , , ,"Screw,M4x8,Phil,WH,SS",F, -,EA,EA,0,2,No ,,,01/01/1900,12/31/2099,
DAT100          ,DarkStar Aggregation 100G,M, -, , ,50014-00222 , , , , , , , , , , , , , , , , , , ,"SCREW,12-24x50,PHIL,PH,BO",F, -,EA,EA,0,10,No ,,,01/01/1900,12/31/2099,
DAT100          ,DarkStar Aggregation 100G,M, -, , ,50014-00223 , , , , , , , , , , , , , , , , , , ,"CAGE NUT,12-24,ZINC",P, -,EA,EA,0,12,No ,,,01/01/1900,12/31/2099,
DAT100          ,DarkStar Aggregation 100G,M, -, , ,50016-00074 , , , , , , , , , , , , , , , , , , ,"SLIDE RAIL,LP Modified ""16""",M, -,EA,EA,0,2,No ,,,01/01/1900,12/31/2099,
DAT100          ,DarkStar Aggregation 100G,M, -, , , ,50016-00079 , , , , , , , , , , , , , , , , , ,"SLIDE RAIL,LP Accuride ""16""",P, -,PR,PR,1,1,No ,,,01/01/1900,12/31/2099,
DAT100          ,DarkStar Aggregation 100G,M, -, ,20005-00114-00 , , , , , , , , , , , , , , , , , , , ,"RAIL ASSY,2P,23in/3in,EIA,2U",X, -,EA,EA,0,1,Yes,ACC-00114-00-0  ,898989.8989,01/01/1900,12/31/2099,
DAT100          ,DarkStar Aggregation 100G,M, -, , ,40001-00673-01 , , , , , , , , , , , , , , , , , , ,"Bracket,Lockdown",PO, -,EA,EA,0,2,No ,,,01/01/1900,12/31/2099,
DAT100          ,DarkStar Aggregation 100G,M, -, , ,40001-01008-00 , , , , , , , , , , , , , , , , , , ,"RACK ADAPTER,23EIA-19EIA,1U",PI, -,EA,EA,0,4,No ,,,01/01/1900,12/31/2099,
DAT100          ,DarkStar Aggregation 100G,M, -, , ,40001-01009-00 , , , , , , , , , , , , , , , , , , ,"BRACKET,RAIL,SLIDE,LEFT,6.75",PI, -,EA,EA,0,1,No ,,,01/01/1900,12/31/2099,
DAT100          ,DarkStar Aggregation 100G,M, -, , ,40001-01010-00 , , , , , , , , , , , , , , , , , , ,"BRACKET,RAIL,SLIDE,RIGHT,6.75",PI, -,EA,EA,0,1,No ,,,01/01/1900,12/31/2099,
DAT100          ,DarkStar Aggregation 100G,M, -, , ,40001-01018-00 , , , , , , , , , , , , , , , , , , ,"BRACKET,EXT,EIA,7.2"",1U",PI, -,EA,EA,0,4,No ,,,01/01/1900,12/31/2099,
DAT100          ,DarkStar Aggregation 100G,M, -, , ,50014-00085 , , , , , , , , , , , , , , , , , , ,"SEMS,Ext,M3x6,Phil,PH,SS",F, -,EA,EA,0,4,No ,,,01/01/1900,12/31/2099,
DAT100          ,DarkStar Aggregation 100G,M, -, , ,50014-00090 , , , , , , , , , , , , , , , , , , ,"Screw,M4x8,Phil,WH,SS",F, -,EA,EA,0,2,No ,,,01/01/1900,12/31/2099,
DAT100          ,DarkStar Aggregation 100G,M, -, , ,50014-00222 , , , , , , , , , , , , , , , , , , ,"SCREW,12-24x50,PHIL,PH,BO",F, -,EA,EA,0,18,No ,,,01/01/1900,12/31/2099,
DAT100          ,DarkStar Aggregation 100G,M, -, , ,50014-00223 , , , , , , , , , , , , , , , , , , ,"CAGE NUT,12-24,ZINC",P, -,EA,EA,0,12,No ,,,01/01/1900,12/31/2099,
DAT100          ,DarkStar Aggregation 100G,M, -, , ,50016-00074 , , , , , , , , , , , , , , , , , , ,"SLIDE RAIL,LP Modified ""16""",M, -,EA,EA,0,2,No ,,,01/01/1900,12/31/2099,
DAT100          ,DarkStar Aggregation 100G,M, -, , , ,50016-00079 , , , , , , , , , , , , , , , , , ,"SLIDE RAIL,LP Accuride ""16""",P, -,PR,PR,1,1,No ,,,01/01/1900,12/31/2099,
DAT100          ,DarkStar Aggregation 100G,M, -, ,20005-00116-00 , , , , , , , , , , , , , , , , , , , ,"RAIL ASSY,2P,19in/6in,EIA,2U",X, -,EA,EA,0,1,Yes,ACC-00116-00-0  ,898989.8989,01/01/1900,12/31/2099,
DAT100          ,DarkStar Aggregation 100G,M, -, , ,40001-00673-01 , , , , , , , , , , , , , , , , , , ,"Bracket,Lockdown",PO, -,EA,EA,0,2,No ,,,01/01/1900,12/31/2099,
DAT100          ,DarkStar Aggregation 100G,M, -, , ,40001-01017-00 , , , , , , , , , , , , , , , , , , ,"BRACKET,EXT,EIA,5.7"",1U",PI, -,EA,EA,0,4,No ,,,01/01/1900,12/31/2099,
DAT100          ,DarkStar Aggregation 100G,M, -, , ,40001-01019-00 , , , , , , , , , , , , , , , , , , ,"BRACKET,RAIL,SLIDE,LEFT,5.5",PI, -,EA,EA,0,1,No ,,,01/01/1900,12/31/2099,
DAT100          ,DarkStar Aggregation 100G,M, -, , ,40001-01020-00 , , , , , , , , , , , , , , , , , , ,"BRACKET,RAIL,SLIDE,RIGHT,5.5",PI, -,EA,EA,0,1,No ,,,01/01/1900,12/31/2099,
DAT100          ,DarkStar Aggregation 100G,M, -, , ,50014-00085 , , , , , , , , , , , , , , , , , , ,"SEMS,Ext,M3x6,Phil,PH,SS",F, -,EA,EA,0,4,No ,,,01/01/1900,12/31/2099,
DAT100          ,DarkStar Aggregation 100G,M, -, , ,50014-00090 , , , , , , , , , , , , , , , , , , ,"Screw,M4x8,Phil,WH,SS",F, -,EA,EA,0,2,No ,,,01/01/1900,12/31/2099,
DAT100          ,DarkStar Aggregation 100G,M, -, , ,50014-00222 , , , , , , , , , , , , , , , , , , ,"SCREW,12-24x50,PHIL,PH,BO",F, -,EA,EA,0,18,No ,,,01/01/1900,12/31/2099,
DAT100          ,DarkStar Aggregation 100G,M, -, , ,50014-00223 , , , , , , , , , , , , , , , , , , ,"CAGE NUT,12-24,ZINC",P, -,EA,EA,0,12,No ,,,01/01/1900,12/31/2099,
DAT100          ,DarkStar Aggregation 100G,M, -, , ,50016-00074 , , , , , , , , , , , , , , , , , , ,"SLIDE RAIL,LP Modified ""16""",M, -,EA,EA,0,2,No ,,,01/01/1900,12/31/2099,
DAT100          ,DarkStar Aggregation 100G,M, -, , , ,50016-00079 , , , , , , , , , , , , , , , , , ,"SLIDE RAIL,LP Accuride ""16""",P, -,PR,PR,1,1,No ,,,01/01/1900,12/31/2099,
DAT100          ,DarkStar Aggregation 100G,M, -, ,20005-00118-00 , , , , , , , , , , , , , , , , , , , ,"RAIL ASSY,2P,23in/6in,EIA,2U",X, -,EA,EA,0,1,Yes,ACC-00118-00-0  ,898989.8989,01/01/1900,12/31/2099,
DAT100          ,DarkStar Aggregation 100G,M, -, , ,40001-00673-01 , , , , , , , , , , , , , , , , , , ,"Bracket,Lockdown",PO, -,EA,EA,0,2,No ,,,01/01/1900,12/31/2099,
DAT100          ,DarkStar Aggregation 100G,M, -, , ,40001-01008-00 , , , , , , , , , , , , , , , , , , ,"RACK ADAPTER,23EIA-19EIA,1U",PI, -,EA,EA,0,4,No ,,,01/01/1900,12/31/2099,
DAT100          ,DarkStar Aggregation 100G,M, -, , ,40001-01017-00 , , , , , , , , , , , , , , , , , , ,"BRACKET,EXT,EIA,5.7"",1U",PI, -,EA,EA,0,4,No ,,,01/01/1900,12/31/2099,
DAT100          ,DarkStar Aggregation 100G,M, -, , ,40001-01019-00 , , , , , , , , , , , , , , , , , , ,"BRACKET,RAIL,SLIDE,LEFT,5.5",PI, -,EA,EA,0,1,No ,,,01/01/1900,12/31/2099,
DAT100          ,DarkStar Aggregation 100G,M, -, , ,40001-01020-00 , , , , , , , , , , , , , , , , , , ,"BRACKET,RAIL,SLIDE,RIGHT,5.5",PI, -,EA,EA,0,1,No ,,,01/01/1900,12/31/2099,
DAT100          ,DarkStar Aggregation 100G,M, -, , ,50014-00085 , , , , , , , , , , , , , , , , , , ,"SEMS,Ext,M3x6,Phil,PH,SS",F, -,EA,EA,0,4,No ,,,01/01/1900,12/31/2099,
DAT100          ,DarkStar Aggregation 100G,M, -, , ,50014-00090 , , , , , , , , , , , , , , , , , , ,"Screw,M4x8,Phil,WH,SS",F, -,EA,EA,0,2,No ,,,01/01/1900,12/31/2099,
DAT100          ,DarkStar Aggregation 100G,M, -, , ,50014-00222 , , , , , , , , , , , , , , , , , , ,"SCREW,12-24x50,PHIL,PH,BO",F, -,EA,EA,0,18,No ,,,01/01/1900,12/31/2099,
DAT100          ,DarkStar Aggregation 100G,M, -, , ,50014-00223 , , , , , , , , , , , , , , , , , , ,"CAGE NUT,12-24,ZINC",P, -,EA,EA,0,12,No ,,,01/01/1900,12/31/2099,
DAT100          ,DarkStar Aggregation 100G,M, -, , ,50016-00074 , , , , , , , , , , , , , , , , , , ,"SLIDE RAIL,LP Modified ""16""",M, -,EA,EA,0,2,No ,,,01/01/1900,12/31/2099,
DAT100          ,DarkStar Aggregation 100G,M, -, , , ,50016-00079 , , , , , , , , , , , , , , , , , ,"SLIDE RAIL,LP Accuride ""16""",P, -,PR,PR,1,1,No ,,,01/01/1900,12/31/2099,
DAT100          ,DarkStar Aggregation 100G,M, -,TransponderLabor , , , , , , , , , , , , , , , , , , , , ,,N, -,EA,EA,0,1,No ,,,01/01/1900,12/31/2099,
